author,num_issues,num_pulls,num_commits,status
007pig,1,0,0,non-member
0x9F,1,0,0,non-member
0xfff,1,0,0,non-member
1354092549,1,0,0,non-member
1Hyena,0,1,0,non-member
1Il1,1,0,0,non-member
1mbtxn,0,1,0,non-member
2100000000000000,14,14,11,non-member
251Labs,0,15,13,non-member
26rahulsingh,1,0,0,non-member
2HCHO,0,1,0,non-member
30amak,1,0,0,non-member
315985314,1,0,0,non-member
3315151515,1,0,0,non-member
34ro,0,2,1,non-member
39otrebla,1,0,0,non-member
3s3s,3,1,0,non-member
4175195580,1,0,0,non-member
4tar,0,10,4,non-member
4tochka,1,0,0,non-member
5-digits,1,0,0,non-member
532479301,0,1,1,non-member
6coind,1,0,0,non-member
6hundred,1,0,0,non-member
6iva4a,1,0,0,non-member
777gor,1,0,0,non-member
9124,1,0,0,non-member
94m3k1n9,0,1,1,non-member
ABISprotocol,2,0,0,non-member
ABruihler,1,0,0,non-member
AEtherSurfer,1,0,0,non-member
AGBrown,1,0,0,non-member
AKJ,1,0,0,non-member
ALLMINER,1,0,0,non-member
AaronM04,1,0,0,non-member
Abdula-2015,1,0,0,non-member
AbhinavJKJ,1,0,0,non-member
AbrahamJewowich,0,0,1,non-member
Acadian,1,0,0,non-member
AdamSEY,3,0,0,non-member
AdvancedStyle,4,0,0,non-member
Aesti,0,1,1,non-member
AjkP,0,1,0,non-member
AkioNak,1,10,11,non-member
AlekSi,1,0,0,non-member
Alex-van-der-Peet,0,3,1,non-member
AlexHeino,1,0,0,non-member
AlexJeng,0,0,1,non-member
AlexanderAA,1,0,0,non-member
AliceWonderMiscreations,3,3,2,non-member
Alkaris,1,0,0,non-member
AllanDoensen,1,2,1,non-member
Altoidnerd,1,1,1,non-member
Altoidnerd1,0,0,1,non-member
Amiga500,1,0,0,non-member
AmirAbrams,0,4,2,non-member
AndreyKarpov,1,0,0,non-member
AndyCapeTown,1,0,0,non-member
AngelTs,1,0,0,non-member
Ankarrr,1,0,0,non-member
Annyonghaseyo,1,0,0,non-member
Ano59,1,0,0,non-member
Apollo1993,1,0,0,non-member
Arezohayeman,1,0,0,non-member
Aristondo,1,0,0,non-member
Arnavion,1,1,1,non-member
AtsukiTak,0,1,1,non-member
Ayms,5,0,0,non-member
Azulan,4,0,0,non-member
BTCDDev,0,1,0,non-member
BTCTaras,1,1,0,non-member
BTaskaya,0,1,0,non-member
BeRichh,1,0,0,non-member
Belkaar,6,0,0,non-member
Ben002,1,0,0,non-member
BenjiWiebe,1,0,0,non-member
Benudek,1,0,0,non-member
Bige086,1,0,0,non-member
BitBargain,1,0,0,non-member
BitWaspBitWasp,3,0,0,non-member
BitcoinPRReadingGroup,0,0,1,non-member
BitcoinUser2016,1,0,0,non-member
BitcoinVegan,1,0,0,non-member
Bitoma,2,0,0,non-member
BitonicEelis,0,4,3,non-member
BitpopCoin,1,0,0,non-member
BitsInMyBlood,0,1,1,non-member
Bitsky,1,0,0,non-member
Blackadderrr,1,0,0,non-member
BoBeR182,1,0,0,non-member
Bobalot,0,1,0,non-member
Bozbo,1,0,0,non-member
BramdeBoer,1,0,0,non-member
BrogulT,1,0,0,non-member
Burrito-Bazooka,1,0,0,non-member
Bushstar,1,0,0,non-member
C0deAi,0,1,0,non-member
C4colo,1,0,0,non-member
CAFxX,0,4,2,non-member
CJHackerz,1,0,0,non-member
CYB3R-JUNKI3,1,0,0,non-member
Cannacoin-Project,1,0,0,non-member
Cannon-Ciota,0,1,0,non-member
CannotCompileBitcoinOnDebian,1,0,0,non-member
Cantoria,1,0,0,non-member
Celean,2,0,0,non-member
CertifiedMrLuke,0,1,0,non-member
ChainQuery,1,3,0,non-member
Chaintool,1,0,0,non-member
Chaz27,1,0,0,non-member
Chemisist,0,1,0,non-member
ChoHag,2,2,3,non-member
ChrisCalderon,1,0,0,non-member
Christewart,0,8,8,non-member
ChristopherFranko,0,1,0,non-member
ChristopherZhong,1,0,0,non-member
Ciemon,0,1,1,non-member
Cleberw3b,1,0,0,non-member
CoDCoyote,3,0,0,non-member
Code-nomad,1,0,0,non-member
CodeShark,0,29,32,non-member
CohibAA,0,1,1,non-member
ColErr,1,0,0,non-member
Commissar0617,1,0,0,non-member
Compunologist,1,0,0,non-member
Connecttoby,1,0,0,non-member
ContinuumQ,1,0,0,non-member
Corsairs,3,0,0,non-member
Cr4shOv3rrid3,0,6,0,non-member
CraniumDad,1,0,0,non-member
Crasha,1,0,0,non-member
Crinklebine,0,2,0,non-member
CryptAxe,1,6,4,non-member
Crypto2,2,0,0,non-member
CryptoDJ,0,1,1,non-member
CryptoManiac,0,1,0,non-member
CydeWeys,1,0,0,non-member
CypherGrue,0,0,1,non-member
DJMorgan,0,1,0,non-member
DanielFragaBR,2,0,0,non-member
DannyHamilton,0,1,0,non-member
DarkHelmet433,1,0,0,non-member
DarrellDuane,1,0,0,non-member
DaveFromBinary,0,1,1,non-member
DavidGriffith,0,1,1,non-member
Dealazer,1,0,0,non-member
Definit,1,0,0,non-member
DeftNerd,0,0,1,non-member
Delta1977,2,3,1,non-member
DeltaLeonis,1,0,0,non-member
Demontf,1,0,0,non-member
Derek701,2,2,2,non-member
DesWurstes,4,1,2,non-member
DevlinShepherd,0,1,0,non-member
DhinNeGeNe,1,0,0,non-member
Dhurv000077,1,0,0,non-member
Diablo-D3,1,0,0,non-member
DianJakaWidiawan,2,0,0,non-member
Diapolo,115,510,0,non-member
DinoStray,1,0,0,non-member
DobZombie,1,0,0,non-member
DocOBITCOIN,2,0,0,non-member
DomT4,0,6,4,non-member
DoooX,1,0,0,non-member
Dr-Nix,1,0,0,non-member
DrHaribo,3,0,0,non-member
DrakonAlpha,1,0,0,non-member
Drakonadrgora,1,0,0,non-member
Dreamsorcerer,2,0,0,non-member
Drehschloss,1,0,0,non-member
ENikS,2,17,13,non-member
EagleTM,1,0,0,non-member
Earlz,0,1,1,non-member
EasonWang01,1,0,0,non-member
EddieOne,1,0,0,non-member
EddyMSilva,1,0,0,non-member
EhVedadoOAnonimato,3,0,0,non-member
Elbandi,2,3,1,non-member
Empact,1,101,55,member
Enelar,3,2,0,non-member
ErdenCelik,0,1,0,non-member
EricJ2190,0,3,4,non-member
EskimoBob,1,0,0,non-member
EthanHeilman,0,8,8,non-member
EvertonMelo,0,1,0,non-member
ExperimentsAndIdeas,1,0,0,non-member
FIVIL,1,0,0,non-member
FTraian,1,0,0,non-member
FabioCarpi,10,0,0,non-member
FeedTheWeb,1,1,0,non-member
FelixWeis,1,1,1,non-member
Flavien,0,1,2,non-member
Flowdalic,2,5,3,non-member
FndNur1Labs,1,0,0,non-member
Folko85,1,0,0,non-member
FourthDr,1,0,0,non-member
Frankenmint,1,0,0,non-member
Frederic94500,2,0,0,non-member
FreekPaans,1,0,0,non-member
FrozenPrincess,4,0,0,non-member
Fuzzbawls,1,1,1,non-member
GCarneiroA,0,2,0,non-member
GIJensen,1,0,0,non-member
GJSchaller,1,0,0,non-member
GSPP,21,0,0,non-member
GSchrammel,0,1,0,non-member
GabrielDav,0,2,1,non-member
GabrielLeonte,1,0,0,non-member
Gabrola,1,1,0,non-member
GameKyuubi,1,0,0,non-member
GamerSg,0,1,1,non-member
GeorgeKimionis,1,0,0,non-member
Geremia,1,0,0,non-member
Gerjan77,0,1,0,non-member
GildedHonour,1,0,0,non-member
Giszmo,1,0,0,non-member
GlobalHelp,1,0,0,non-member
Gnappuraz,0,0,1,non-member
Gnonthgol,0,1,0,non-member
Godsunyar,1,0,0,non-member
GoodMirek,1,0,0,non-member
GreatSock,0,4,2,non-member
GreenReaper,1,0,0,non-member
Greg-Griffith,0,1,0,non-member
GusevVasily,1,0,0,non-member
GustavoRSSilva,1,0,0,non-member
HamishMacEwan,1,0,0,non-member
HandleX,1,0,0,non-member
Hanslo,2,0,0,non-member
Har01d,0,1,1,non-member
Hardcore-fs,2,0,0,non-member
Harold-Glitch,1,0,0,non-member
HashUnlimited,6,3,1,non-member
Hasimir,1,0,0,non-member
Herodes,1,0,0,non-member
Herodes-otc,1,0,0,non-member
HongPong,1,0,0,non-member
HostFat,1,1,1,non-member
HydraGene,1,0,0,non-member
IPGlider,0,1,0,non-member
ISibboI,1,0,0,non-member
Ilikenumber0,0,1,0,non-member
IndieRobert,1,0,0,non-member
Infernoman,1,0,0,non-member
InserirAquiNome,1,0,0,non-member
IvanaSu,1,0,0,non-member
J-Liu,1,0,0,non-member
JBaczuk,0,3,1,non-member
JamesDelmai1195,1,0,0,non-member
Jappiecr,1,0,0,non-member
JennHorng,0,1,0,non-member
JeremyRand,5,4,5,non-member
JeremyRubin,2,25,32,non-member
Jessygirl,1,0,0,non-member
JiechengZhao,1,0,0,non-member
JoelKatz,2,2,6,non-member
JohnDoesnt,1,0,0,non-member
JohnDolittle,0,7,10,non-member
JohnMaguire,0,2,0,non-member
JokerCatz,10,0,0,non-member
JornC,1,0,0,non-member
Joukehofman,4,0,0,non-member
Jpja,1,0,0,non-member
Junxin-Huo,1,0,0,non-member
JustinTArthur,1,0,0,non-member
KARMOBA,1,0,0,non-member
KES777,1,0,0,non-member
KOLANICH,1,0,0,non-member
Kangmo,0,3,0,non-member
KanoczTomas,2,0,0,non-member
KayleyWong,1,0,0,non-member
Kefkius,0,2,0,non-member
Kexkey,1,0,0,non-member
KibbledJiveElkZoo,2,2,1,non-member
Kimax89,1,1,0,non-member
KingMitch,1,0,0,non-member
KingfisherTao,1,0,0,non-member
Kirvx,2,0,0,non-member
Kjlawrence63,1,0,0,non-member
KlausT,1,0,0,non-member
KonstantinSchubert,1,0,0,non-member
Krellan,1,4,3,non-member
KrzaQ,1,0,0,non-member
KrzysiekJ,0,1,1,non-member
Kvaciral,0,2,2,non-member
L2G,3,1,1,non-member
LEscobar-Driver,1,0,0,non-member
LaThortilla,2,0,0,non-member
Lalitpatadiya12,1,0,0,non-member
Lat6819,1,0,0,non-member
LeandroJF,1,0,0,non-member
LeandroRocha84,0,1,0,non-member
Lefikantor,1,0,0,non-member
Leon-Zhang,1,0,0,non-member
Leviathn,0,2,0,non-member
Levino,2,0,0,non-member
Lewuathe,0,2,1,non-member
Lexx666,1,0,0,non-member
LifeDies,0,1,0,non-member
Linrono,1,1,1,non-member
LinuXperia,1,0,0,non-member
Lohoris,5,0,0,non-member
LongShao007,6,5,2,non-member
LordAndrei,1,0,0,non-member
LucaPaterlini,1,0,0,non-member
LukenShiro,1,0,0,non-member
LwandaMagere,1,0,0,non-member
M4v3R,1,0,0,non-member
MCFX2,0,1,1,non-member
MaDeRkAn,1,0,0,non-member
Macil,0,1,0,non-member
MaherBTA,1,0,0,non-member
Maivaza,0,1,0,non-member
MajorFireball,0,1,0,non-member
MarcoFalke,63,451,1153,member
MarkPfennig,2,0,0,non-member
Massimo80,1,0,0,non-member
MathyV,0,0,1,non-member
Matoking,0,2,6,non-member
MatrixFrog,1,0,0,non-member
MatthewLM,1,0,0,non-member
Matthias84,1,0,0,non-member
MattyAB,2,0,0,non-member
MaxBareiss,1,0,0,non-member
McRemco,1,0,0,non-member
Mellnik,2,0,0,non-member
MeniRosenfeld,1,0,0,non-member
MeshCollider,0,38,53,member
Michagogo,7,30,25,non-member
MichelChouinard,1,0,0,non-member
Michelle155,1,0,0,non-member
Mikerah,0,0,1,non-member
Mirobit,1,4,3,non-member
Mischi,0,3,2,non-member
MitchellCash,0,5,5,non-member
MobiusL,1,0,0,non-member
MojaPochi,0,1,0,non-member
MoonGem,1,0,0,non-member
Motoma,1,0,0,non-member
MrHash,1,0,0,non-member
MrKrzYch00,1,0,0,non-member
Mullick,1,0,0,non-member
Mysticsam,2,0,0,non-member
NYCBrit,2,0,0,non-member
Nathan2055,1,0,0,non-member
Nd60,1,0,0,non-member
Need4Video,0,2,1,non-member
Nerzahd,1,1,0,non-member
NewCryptoWorld,1,0,0,non-member
NickyYangYang,2,0,0,non-member
Nicolai-s,1,1,0,non-member
NicolasDorier,15,34,20,member
NikolaMandic,1,0,0,non-member
Nothing4You,0,0,1,non-member
Oddee,1,0,0,non-member
OldDeath,1,0,0,non-member
OmeGak,0,1,1,non-member
OpenGrid,1,0,0,non-member
Orktos,1,0,0,non-member
OronNadiv,1,0,0,non-member
OttoAllmendinger,0,1,6,non-member
Ov3rlo4d,0,1,1,non-member
OverQuantum,1,0,0,non-member
OverlordQ,1,0,0,non-member
Owennnnnn,1,0,0,non-member
PRabahy,9,5,3,non-member
PanderMusubi,1,0,0,non-member
Panzzy,1,0,0,non-member
PeacefulAnimal,1,0,0,non-member
PedroSwift,1,0,0,non-member
PersistantProblem,1,0,0,non-member
PierreRochard,0,6,4,non-member
Plaidxx,1,0,0,non-member
Plasma,2,0,0,non-member
PlentifulEarth,0,1,0,non-member
PochiRaccoon,1,0,0,non-member
PolarGo,2,0,0,non-member
Popkultur,1,0,0,non-member
Poseidonn77,1,0,0,non-member
Prabhat411,1,0,0,non-member
PrinceKK300188,2,0,0,non-member
Psynbiotik,1,0,0,non-member
PwnK,1,0,0,non-member
QubitPi,1,0,0,non-member
RHavar,28,5,3,non-member
RachelPriss,1,0,0,non-member
Raito00,1,0,0,non-member
Raize,1,0,0,non-member
Raulo,2,0,0,non-member
Rav3nPL,7,3,1,non-member
RavenZero,1,0,0,non-member
Rayserzor,1,0,0,non-member
Real-Duke,2,0,0,non-member
RenaKunisaki,1,0,0,non-member
ReneNyffenegger,0,6,1,non-member
Rezker,1,0,0,non-member
RossClelland,2,0,0,non-member
Rspigler,1,0,0,non-member
Rudd-O,1,0,0,non-member
RussianNeuroMancer,1,0,0,non-member
RvMp,0,1,0,non-member
RyanKung,1,1,0,non-member
S5h4D3S,1,0,0,non-member
SCDeveloper,0,2,0,non-member
STrRedWolf,1,0,0,non-member
SamNews,1,0,0,non-member
Sammey1995,1,0,0,non-member
SanderKleykens,0,1,0,non-member
ScottDeans,1,0,0,non-member
ScripterRon,1,0,0,non-member
SearchAndDestroy,1,0,0,non-member
Sejanus66,1,0,0,non-member
SergeiPavlov,3,0,0,non-member
SergioDemianLerner,11,3,3,non-member
ShadSterling,1,0,0,non-member
ShaliDaliHaliDa,1,0,0,non-member
ShawnKimble,1,0,0,non-member
Shtutnik,1,0,0,non-member
SimonVrouwe,2,0,0,non-member
Sjors,40,49,26,member
Sladien,1,0,0,non-member
SlimXin,1,0,0,non-member
Smiggel,2,0,0,non-member
SoCoCpp,0,1,0,non-member
SpaceMunkey,1,0,0,non-member
Spacefish,0,1,0,non-member
Stasyanz,1,0,0,non-member
Stemby,5,0,0,non-member
StephenLReed,0,1,0,non-member
SteveBaker42,1,0,0,non-member
StrammerMax93,1,0,0,non-member
SuckShit,0,1,0,non-member
Suffice,9,0,0,non-member
Sunit41557077,1,0,0,non-member
SuriyaaKudoIsc,0,1,1,non-member
T-Pham,0,1,0,non-member
TadasVaranavicius,0,1,0,non-member
Technologov,1,0,0,non-member
Telepatheic,0,1,1,non-member
TheBitcoin,0,1,0,non-member
TheBlueMatt,53,297,620,non-member
TheCaat,5,6,4,non-member
TheCharlatan,0,3,4,non-member
TheInitiated,1,0,0,non-member
ThePiachu,14,0,0,non-member
Thecave3,0,1,0,non-member
ThisIsJustARandomGuy,1,0,0,non-member
Thoragh,0,1,1,non-member
TierNolan,0,2,1,non-member
TiiStyle,1,0,0,non-member
TimothyShimmin,0,1,1,non-member
Timwi,1,0,0,non-member
Tindalos,1,0,0,non-member
Tokyonomaku,1,0,0,non-member
Transisto,1,0,0,non-member
TripleSpeeder,0,1,1,non-member
TurkeyMan,1,0,0,non-member
Tyler-Hardin,0,3,3,non-member
UdjinM6,0,6,5,non-member
Ulmo,1,0,0,non-member
Ummon,1,0,0,non-member
Undersidedog2,1,0,0,non-member
UniversalBinary,1,0,0,non-member
Unreal89,0,0,1,non-member
Vagabondtq,1,0,0,non-member
ValeryDubrava,1,0,0,non-member
Varunram,2,5,3,non-member
Verserr,1,0,0,non-member
Victorsueca,2,0,0,non-member
VikingNation,1,0,0,non-member
ViliusSutkus,2,0,0,non-member
Viral,1,0,0,non-member
VirtualDestructor,1,0,0,non-member
Vort,4,0,0,non-member
WPettersson,1,0,0,non-member
WhatTheF,1,0,0,non-member
WilhelmGGW,1,0,0,non-member
WillAyd,2,1,1,non-member
Willtech,15,2,1,non-member
WoundedxWarr1or,0,1,0,non-member
XP1,1,0,0,non-member
XVilka,1,0,0,non-member
Xekyo,2,3,5,non-member
Xenland,3,0,0,non-member
XertroV,0,1,0,non-member
ZPK4,1,0,0,non-member
Zammy,1,0,0,non-member
Zenitur,3,0,0,non-member
ZeroGraviti,1,0,0,non-member
ZexiFangkong,1,0,0,non-member
ZoZoCoin345,1,0,0,non-member
Zwilla,1,0,0,non-member
aakilfernandes,1,0,0,non-member
aalness,0,5,1,non-member
aantonop,0,1,0,non-member
aaron-hanson,0,2,1,non-member
aarongolliver,0,2,2,non-member
aaronscientiae,1,0,0,non-member
aaronstjohn,1,0,0,non-member
abieganski,1,0,0,non-member
abrkn,1,0,0,non-member
abusafwan,1,0,0,non-member
accraze,0,3,5,non-member
aceat64,0,1,0,non-member
aceriou,0,2,0,non-member
achavala,0,1,0,non-member
achow101,22,76,111,member
actioncrypto,1,0,0,non-member
activescott,0,1,1,non-member
ad90df8e708e8fa8153e56a059,0,1,0,non-member
adavies42,1,0,0,non-member
adeelotx,1,0,0,non-member
adiabat,1,0,0,non-member
adlawren,0,1,1,non-member
adminstratio,1,0,0,non-member
adobe1992,0,1,0,non-member
adrelanos,2,0,0,non-member
aduser2,1,0,0,non-member
aferreira44,1,0,0,non-member
afk11,2,3,4,non-member
agahEbrahimi,1,0,0,non-member
agl,0,0,1,non-member
agravier,1,0,0,non-member
ahf,0,1,0,non-member
aideca,0,1,2,non-member
aijs,0,4,0,non-member
aitorpazos,0,1,1,non-member
ajcj151,1,0,0,non-member
ajp8164,1,0,0,non-member
ajsb85,1,0,0,non-member
ajtowns,2,20,45,non-member
ajweiss,0,11,8,non-member
ak-19,1,0,0,non-member
akkornel,1,0,0,non-member
al42and,0,3,3,non-member
alafax,1,0,0,non-member
alamtr,1,0,0,non-member
alanast,1,0,0,non-member
albypaul,1,0,0,non-member
aleksre,1,0,0,non-member
alexander7567,1,0,0,non-member
alexanderkjeldaas,0,3,5,non-member
alexeyneu,2,1,0,non-member
alexgenaud,1,0,0,non-member
alexreg,3,1,1,non-member
alexvornoffice,1,0,0,non-member
alexwaters,6,4,2,non-member
alfiedotwtf,0,1,1,non-member
ali1234,0,1,1,non-member
alkulp,1,0,0,non-member
allaun,1,0,0,non-member
almoharebh,2,0,0,non-member
alpdeniz,1,0,0,non-member
alphaaurigae,1,0,0,non-member
altar13,1,0,0,non-member
alwaysdoingstuff,1,0,0,non-member
amcgregor,1,0,0,non-member
amd5,2,0,0,non-member
amiryal,0,1,1,non-member
amore-amore,2,0,0,non-member
amosbird,1,0,0,non-member
analogic,2,0,0,non-member
anand4,2,0,0,non-member
anantshri,2,0,0,non-member
anarcat,2,0,0,non-member
ancow,2,0,0,non-member
anddam,0,1,1,non-member
andersoyvind,0,1,1,non-member
anditto,0,2,2,non-member
andrasfuchs,2,0,0,non-member
andrerademan,1,0,0,non-member
andrerung,1,0,0,non-member
anduck,0,1,1,non-member
angelagilhotra,2,0,0,non-member
anggaand123,1,0,0,non-member
angjelo,1,0,0,non-member
annaane4ka,1,0,0,non-member
annanay25,0,1,0,non-member
annaparker,2,0,0,non-member
annjieching,3,0,0,non-member
anto,2,0,0,non-member
antonio-fr,0,1,1,non-member
antron3000,0,1,0,non-member
apetersson,1,0,0,non-member
apex-predator,1,0,0,non-member
apoelstra,1,5,2,non-member
apoloval,1,0,0,non-member
aqwark,0,1,0,non-member
araspitzu,0,1,1,non-member
areur3ady,1,0,0,non-member
ariard,0,1,1,non-member
arielgabizon,2,0,0,non-member
arisAlexis,1,0,0,non-member
arminbusatlic,1,0,0,non-member
arnoldvilleneuve,1,0,0,non-member
arnuschky,2,1,1,non-member
arowser,0,7,4,non-member
arvidn,0,3,0,non-member
asbator,1,0,0,non-member
asfin,1,0,0,non-member
ashishchandr70,1,0,0,non-member
ashleyholman,1,6,6,non-member
askari01,1,0,0,non-member
askmike,0,1,1,non-member
astanway,0,1,0,non-member
atweiden,1,0,0,non-member
august434,1,0,0,non-member
auryn-macmillan,1,0,0,non-member
avar,0,2,0,non-member
aviad,0,1,0,non-member
avl42,0,1,0,non-member
awelch83,0,1,0,non-member
awemany,1,2,1,non-member
awoland,0,2,0,non-member
axvr,0,1,2,non-member
ayanes,0,2,0,non-member
ayeowch,1,1,2,non-member
azavalla,1,1,0,non-member
azazar,1,0,0,non-member
azetrom,1,0,0,non-member
azuchi,0,3,1,non-member
b3mb4m,1,0,0,non-member
b6393ce9-d324-4fe1-996b-acf82dbc3d53,1,1,1,non-member
bOnyofnebOg,1,0,0,non-member
backlof,1,0,0,non-member
badger200,1,0,0,non-member
bananas2,1,0,0,non-member
bardiharborow,0,3,1,non-member
bareera786,1,0,0,non-member
barkinet,1,2,0,non-member
barmstrong,1,0,0,non-member
barryton999,1,0,0,non-member
bartbroere,1,0,0,non-member
bartdeboer,1,0,0,non-member
based2,1,0,0,non-member
basvandijk,1,0,0,non-member
bc-cb,1,0,0,non-member
bclermont,1,0,0,non-member
bcodesido,1,0,0,non-member
bdimych,2,0,0,non-member
bedri,0,3,0,non-member
bekarys0504,1,0,0,non-member
benburkhart1,1,0,0,non-member
bencxr,0,1,2,non-member
benhc123,0,5,2,non-member
benjyz,7,0,0,non-member
benma,0,15,0,non-member
benrcole,1,0,0,non-member
benzmuircroft,1,0,0,non-member
beoswind,1,0,0,non-member
berktaylan,0,1,0,non-member
besoeasy,1,0,0,non-member
bigbrain,1,0,0,non-member
bigcoinme,1,0,0,non-member
bikinibabe,0,1,1,non-member
bill-walker,1,2,0,non-member
billkle1n,1,0,0,non-member
binarykitchen,4,0,0,non-member
biniek,0,1,0,non-member
bitaussie,1,0,0,non-member
bitcartel,1,0,0,non-member
bitcoin-extras,1,0,0,non-member
bitcoincoltd,1,0,0,non-member
bitcoinder,1,0,0,non-member
bitcoinfees,1,0,0,non-member
bitcoinhodler,2,0,0,non-member
bitcoinland,0,1,0,non-member
bitcoinsSG,0,3,1,non-member
bitcoinuser,8,0,0,non-member
bitkevin,5,3,2,non-member
bitnitdit,0,1,0,non-member
bitsofproof,0,2,0,non-member
bitspill,0,0,1,non-member
bitstein,0,2,3,non-member
bitstocoins,1,0,0,non-member
bittrader,0,1,0,non-member
bittylicious,0,1,0,non-member
bityogi,1,0,0,non-member
blackrabbit99,1,0,0,non-member
blackymetal,0,0,1,non-member
blakejakopovic,0,2,1,non-member
blinx,1,0,0,non-member
blkmaarx,1,0,0,non-member
bloshappat,1,0,0,non-member
blue-onyx,1,0,0,non-member
bluecmd,1,0,0,non-member
bmwiedemann,1,1,1,non-member
bol-van,1,0,0,non-member
bom64,1,1,0,non-member
bondbeau,1,0,0,non-member
book89,2,0,0,non-member
boondogger,2,0,0,non-member
booung,1,0,0,non-member
borneq,2,0,0,non-member
borriej,1,0,0,non-member
bpay,1,0,0,non-member
bradfitz,1,0,0,non-member
brandondahler,1,6,4,non-member
brandonrninefive,0,1,1,non-member
braydonf,1,1,0,non-member
breymoz,1,0,0,non-member
brianmcmichael,0,2,1,non-member
brijananand,1,0,0,non-member
brsq,1,0,0,non-member
bruiselee,0,1,0,non-member
brvier,1,0,0,non-member
bryanste,1,0,0,non-member
bsod85,1,0,0,non-member
btcdrak,1,27,33,member
btcerichcom,3,0,0,non-member
btcex,2,0,0,non-member
btcid,2,0,0,non-member
btclove,1,0,0,non-member
btcontract,1,0,0,non-member
btcsharp,1,0,0,non-member
btcusr,1,0,0,non-member
buana,1,0,0,non-member
buddilla,3,2,1,non-member
bulldozer00,0,1,0,non-member
bungle,1,0,0,non-member
burgebj,1,0,0,non-member
burger2,3,1,1,non-member
burningTyger,1,0,0,non-member
buttcoin,1,0,0,non-member
buzai,1,0,0,non-member
buzztiaan,1,0,0,non-member
bytemaster,0,1,2,non-member
bytemebtc,1,0,0,non-member
bytting,1,4,3,non-member
c-cex,1,0,0,non-member
c00w,1,0,0,non-member
c0deright,2,0,0,non-member
c4kbeast,1,0,0,non-member
caiqinghua,2,0,0,non-member
calebogden,0,0,1,non-member
calvintam,0,1,1,non-member
canercandan,0,1,0,non-member
canselcik,0,1,0,non-member
caokun8341,1,0,0,non-member
capitalDIGI,1,0,0,non-member
capocasa,1,0,0,non-member
captainhao,1,0,0,non-member
carnesen,0,1,1,non-member
carryforward,0,1,1,non-member
carvenli,1,0,0,non-member
casellas,1,0,0,non-member
casey,0,15,15,non-member
catilac,0,1,1,non-member
cbarcenas,0,1,1,non-member
cbeams,0,3,2,non-member
cbrunnkvist,1,0,0,non-member
ccdle12,0,2,1,non-member
ccjon,1,0,0,non-member
cdecker,1,4,3,non-member
cdhowie,1,3,2,non-member
celeduc,0,2,0,non-member
celil-kj,1,0,7,non-member
centaur1,0,1,1,non-member
centromere,1,1,0,non-member
cg31,0,1,0,non-member
cgaebel,1,1,0,non-member
ch4ot1c,0,1,1,non-member
charlescharles,0,0,1,non-member
charlesfries,2,0,0,non-member
charliegama,1,0,0,non-member
cheako,2,0,0,non-member
chen610620,3,0,0,non-member
chengc843988,1,0,0,non-member
chenzww,1,0,0,non-member
chickentech,1,0,0,non-member
chipstar,0,1,0,non-member
chivambo,0,1,0,non-member
chjj,0,3,0,non-member
chompomonim,1,0,0,non-member
chovy,1,0,0,non-member
chpio,1,0,0,non-member
chris-belcher,2,1,1,non-member
chrisgavin,0,0,2,non-member
chrislennon,0,1,0,non-member
chrisrtz,1,0,0,non-member
chriswheeler,2,1,1,non-member
chromebanana,1,0,0,non-member
chronicbitcoin,2,0,0,non-member
chrotz,1,0,0,non-member
chuacw,1,0,0,non-member
chulini,0,1,0,non-member
cig0,1,0,0,non-member
cinderblock,1,0,0,non-member
cisba,0,5,1,non-member
cisbye,1,0,0,non-member
ciyam,4,0,0,non-member
cjavad,0,1,0,non-member
cjdelisle,0,3,0,non-member
cjeanneret,1,0,0,non-member
cjmalloy,1,0,0,non-member
clanie,1,0,0,non-member
clemtaylor,3,2,1,non-member
clopez,0,1,0,non-member
clovermebitcoin,1,0,0,non-member
cluelessperson,1,0,0,non-member
cmgustavo,1,0,0,non-member
cmingxu,1,0,0,non-member
coblee,0,4,2,non-member
codeboost,0,1,1,non-member
codebox,1,0,0,non-member
codefinderin,1,0,0,non-member
codler,2,3,10,non-member
coinables,0,1,1,non-member
coincapsig,1,0,0,non-member
coinsmith,6,0,0,non-member
colgreen,0,1,0,non-member
colindean,1,4,2,non-member
collapsedev,3,0,0,non-member
computerlyrik,1,0,0,non-member
comradekingu,0,1,0,non-member
congnghiakhiem,1,0,0,non-member
conrada,2,0,0,non-member
conradoplg,0,1,1,non-member
conscott,0,7,9,non-member
constantined,0,0,2,non-member
copumpkin,1,0,0,non-member
coretechs,1,0,0,non-member
cornwarecjp,1,0,0,non-member
cosmarchy,1,0,0,non-member
countextreme,1,0,0,non-member
cozz,1,75,70,non-member
cpengr,1,0,0,non-member
cpunks,2,0,0,non-member
cqtenq,3,1,1,non-member
crabel99,1,0,0,non-member
crabman96,1,0,0,non-member
crackfoo,1,0,0,non-member
crazikPL,0,1,0,non-member
crbx,1,0,0,non-member
crispweed,0,1,0,non-member
crowdcoinChain,1,0,0,non-member
crowning-,0,4,2,non-member
cruizh,0,1,0,non-member
cruxby,1,0,0,non-member
cryptoapi,1,0,0,non-member
cryptogenesis,2,0,0,non-member
cryptonexii,0,1,0,non-member
cryptonoob42,1,0,0,non-member
cryptozeny,1,0,0,non-member
csdnnet,0,1,0,non-member
csrfdez,1,0,0,non-member
cssxn,1,0,0,non-member
csyangchen,1,0,0,non-member
cyberluke,1,0,0,non-member
cyssxt,3,0,0,non-member
czzarr,0,4,1,non-member
d3rrial,1,2,0,non-member
da2ce7,8,1,0,non-member
da2x,0,2,1,non-member
dabaopku,0,1,1,non-member
dabura667,2,0,0,non-member
daddinuz,0,1,0,non-member
daedalus,0,1,0,non-member
daemonazazel,1,0,0,non-member
daf121,1,0,0,non-member
dagurval,2,2,1,non-member
daira,1,2,1,non-member
dajohi,8,3,3,non-member
dan-da,0,1,0,non-member
daninovak,1,0,0,non-member
danra,8,29,16,non-member
dapinkbat,1,0,0,non-member
darkhosis,5,0,0,non-member
darkn00bknight,1,0,0,non-member
darksh1ne,0,1,1,non-member
darrenkis,0,1,0,non-member
darrenleeweber,1,0,0,non-member
darsie,1,0,0,non-member
dasconnor,1,0,0,non-member
dasmithii,1,0,0,non-member
dav91,1,0,0,non-member
davclark,1,0,0,non-member
davecgh,5,4,3,non-member
davh,1,0,0,non-member
davidmanheim,1,0,0,non-member
davidsgrogan,0,0,1,non-member
davimello28,1,0,0,non-member
davinci26,1,0,0,non-member
davispuh,1,0,0,non-member
davout,12,2,0,non-member
dbdeadka,1,0,0,non-member
dbilitch,1,0,0,non-member
dbitcoin,1,0,0,non-member
dbolser,0,4,1,non-member
dcousens,6,9,11,non-member
ddehueck,1,1,0,non-member
ddustin,0,1,0,non-member
deannolan,0,1,0,non-member
demagumd,1,0,0,non-member
demeter52,1,0,0,non-member
denis2342,0,1,0,non-member
dennis97519,2,0,0,non-member
dentldir,1,0,0,non-member
depesz,1,0,0,non-member
deremeda,1,0,0,non-member
dermoth,0,1,0,non-member
derrend,2,0,0,non-member
dertin,0,7,6,non-member
destenson,2,0,0,non-member
deveshaggrawal19,1,0,0,non-member
devfans,1,0,0,non-member
devilankur18,1,0,0,non-member
devrandom,0,2,8,non-member
devurandom,1,0,0,non-member
dexX7,14,14,22,non-member
dexter369,1,0,0,non-member
dfletcher,0,1,0,non-member
dgenr8,3,15,18,non-member
dholbert,1,1,1,non-member
diadal,1,0,0,non-member
diegoviola,0,1,1,non-member
diegueins680,1,0,0,non-member
dima056,1,0,0,non-member
dimitris-t,1,3,1,non-member
disciplec,1,0,0,non-member
dishwara,2,0,0,non-member
ditto-b,1,2,2,non-member
divakareddy,1,0,0,non-member
djackallstar,1,0,0,non-member
djp3,0,1,1,non-member
djpnewton,1,6,3,non-member
djspiewak,1,0,0,non-member
dkaparis,1,0,0,non-member
dlio,1,0,0,non-member
dlitz,0,1,2,non-member
dllud,0,1,0,non-member
dlo,0,1,1,non-member
dlogemann,2,0,0,non-member
dmgores,4,0,0,non-member
doersf,1,0,0,non-member
doffing81,1,0,0,non-member
dogbad,1,0,0,non-member
doged,1,1,0,non-member
dollardjm,1,0,0,non-member
domob1812,14,49,40,non-member
donaloconnor,1,6,6,non-member
donesnake,0,1,0,non-member
dongcarl,0,4,4,non-member
dongsam,0,1,1,non-member
donovanhide,1,0,0,non-member
doodzik,1,0,0,non-member
dooglus,85,40,29,non-member
doone57,1,0,0,non-member
dotgodly,1,0,0,non-member
doublec,1,1,0,non-member
dparrish,0,1,0,non-member
dragon28,1,0,0,non-member
dragongem45,0,2,0,non-member
dragosbdi,1,0,0,non-member
drak01,1,0,0,non-member
drake127,1,0,0,non-member
dramaticbulgarian,0,1,0,non-member
drazisil,1,1,0,non-member
drewx2,0,1,0,non-member
drizzt,0,4,3,non-member
drkskwlkr,1,0,0,non-member
droark,3,14,11,non-member
drodil,0,1,0,non-member
drsaluml,1,0,0,non-member
drunkwolfs,1,0,0,non-member
dsattler,1,0,0,non-member
dscotese,3,0,0,non-member
dserrano5,0,1,1,non-member
dskloet,1,0,0,non-member
dsnark,1,0,0,non-member
dszakallas,1,0,0,non-member
dthorpe,1,0,0,non-member
duanemoody,0,1,1,non-member
dukeh3,1,0,0,non-member
dustin,1,0,0,non-member
dustinltran,1,0,0,non-member
dusty-wil,0,1,1,non-member
duzy,1,0,0,non-member
dvdkhlng,1,0,0,non-member
dvitas,0,1,1,non-member
dwasyluk,2,0,0,non-member
dxxd116,0,1,0,non-member
dzimbeck,1,0,0,non-member
eMosbat,2,0,0,non-member
eN0Rm,2,0,0,non-member
earonesty,0,4,0,non-member
ebfull,0,1,0,non-member
edden87,1,0,0,non-member
edmingtsann,1,0,0,non-member
edsgerlin,0,1,0,non-member
eduffield222,1,1,0,non-member
edwinychu,0,1,0,non-member
efvhi,2,0,0,non-member
egnlife,0,1,0,non-member
eiabea,1,0,0,non-member
einewton,1,0,0,non-member
ekembs,1,0,0,non-member
ekerstein,1,0,0,non-member
eklitzke,4,27,17,member
elblinko,1,0,0,non-member
eldentyrell,1,0,0,non-member
electricarrows0,1,0,0,non-member
elfring,3,0,0,non-member
eliahuhorwitz,0,1,0,non-member
elias6,1,0,0,non-member
elichai,5,1,1,non-member
eliot1785,1,0,0,non-member
eliotcougar,1,0,0,non-member
elis,2,0,0,non-member
elkingtowa,0,1,1,non-member
elliotolds,0,1,1,non-member
elonmuskismyhero,1,0,0,non-member
embiimob,1,0,0,non-member
emilengler,0,1,0,non-member
emilrus,0,1,0,non-member
emmix,0,1,0,non-member
enmaku,2,2,2,non-member
enterprisey,3,0,1,non-member
eordano,0,1,1,non-member
epipenau,1,0,0,non-member
ericallam,0,1,0,non-member
ericpashman,1,0,0,non-member
ericshawlinux,1,5,5,non-member
eriksank,3,0,0,non-member
erikvold,1,0,0,non-member
erkmos,0,1,1,non-member
error10,3,0,1,non-member
ers35,0,0,3,non-member
esainane,0,1,0,non-member
esbullington,0,1,1,non-member
eserlxl,1,0,0,non-member
esneider,0,1,1,non-member
esotericnonsense,3,6,3,non-member
espringe,1,0,0,non-member
eth0,0,1,0,non-member
ethernomad,2,0,1,non-member
etscrivner,0,1,0,non-member
eudisd,0,1,0,non-member
eul2017,1,0,0,non-member
evGUzQIEQaL4,1,0,0,non-member
evanram,1,0,0,non-member
evansyulianto,0,2,0,non-member
evoskuil,0,1,0,non-member
extr0p,1,0,0,non-member
f139975,0,1,0,non-member
fabianhjr,0,1,0,non-member
fabioganga,1,0,0,non-member
faca5,0,2,0,non-member
falinatecas,2,0,0,non-member
fametrano,1,1,1,non-member
fangpenlin,1,0,0,non-member
fanquake,50,179,235,member
fbriggs,1,0,0,non-member
fcicq,0,2,5,non-member
feathercoin2,3,0,0,non-member
federicobond,1,4,5,non-member
fedsten,0,1,0,non-member
feisuzhu,0,1,0,non-member
felco-,0,1,0,non-member
felipelalli,1,2,0,non-member
fengyunyongjie,1,0,0,non-member
fernandezpablo85,1,1,1,non-member
fernetmatt,1,0,0,non-member
fervent-dissent,1,0,0,non-member
fflo,2,0,0,non-member
fgc92,1,0,0,non-member
fgjordan,1,0,0,non-member
fightofthedog,1,0,0,non-member
filips123,0,2,0,non-member
fingera,0,5,1,non-member
finway-china,3,1,0,non-member
fivepiece,0,3,4,non-member
flack,1,1,3,non-member
floe,0,1,0,non-member
floreslorca,1,0,0,non-member
flower1024,0,0,1,non-member
flypaper0,1,0,0,non-member
fockkboy,1,0,0,non-member
forrestv,0,9,7,non-member
forrie,1,0,0,non-member
francis16,0,0,1,non-member
franciscolourenco,1,0,0,non-member
francwalter,1,0,0,non-member
freddiecoleman,0,1,0,non-member
freewil,2,7,7,non-member
fresh446,1,0,0,non-member
fresheneesz,6,0,0,non-member
fryx,1,0,0,non-member
fsb4000,1,8,6,non-member
ftrader,2,0,0,non-member
fturco,3,0,0,non-member
funasty1985,2,0,0,non-member
funbucks,1,0,0,non-member
fundon,1,0,0,non-member
fwolfst,1,2,1,non-member
gabegattis,1,0,0,non-member
gabrielsilva822,1,0,0,non-member
gandaro,0,1,0,non-member
gandrewstone,0,1,0,non-member
garyvdm,2,0,0,non-member
gasteve,1,0,0,non-member
gastonmorixe,2,0,0,non-member
gateway,1,0,0,non-member
gavelino,1,0,0,non-member
gavinandresen,117,221,1101,non-member
gawaynX,1,0,0,non-member
gazbert,0,1,0,non-member
gbachik,1,0,0,non-member
gbeced,1,0,0,non-member
gcbpay,6,0,0,non-member
gdassori,1,0,0,non-member
gdm85,4,3,2,non-member
gdoteof,1,0,0,non-member
geekdenz,1,0,0,non-member
gehlm,0,1,0,non-member
genjix,0,5,0,non-member
genk1,1,0,0,non-member
genosse,1,0,0,non-member
geohic,0,1,0,non-member
georgerapp,1,0,0,non-member
gerbilOFdoom,1,0,0,non-member
gergomiho,1,0,0,non-member
ghazzo,1,0,0,non-member
ghemawat,0,0,1,non-member
giacecco,0,1,0,non-member
giaki3003,1,0,0,non-member
giancarloGiuffra,1,0,0,non-member
gillhofer,1,0,0,non-member
girishvg,1,0,0,non-member
gits7r,1,0,0,non-member
gituser,1,0,0,non-member
giulio92,0,1,1,non-member
gj12,1,0,0,non-member
gjs278,0,2,1,non-member
gladoscc,0,1,1,non-member
gladosconn,0,1,0,non-member
glaksmono,0,5,1,non-member
glitch003,1,0,0,non-member
globalcitizen,0,1,4,non-member
globaltoken,16,0,0,non-member
glondu,1,0,1,non-member
gmaxwell,75,139,264,member
gnuser,0,0,1,non-member
goku1997,0,2,0,non-member
goldbit89,2,0,0,non-member
grahama,1,0,0,non-member
graingert,15,1,1,non-member
grant-olson,1,0,0,non-member
grarpamp,12,0,0,non-member
grasputin,1,0,0,non-member
grawity,1,0,0,non-member
grayleonard,0,1,0,non-member
grebulon,1,0,0,non-member
greenaddress,0,5,5,non-member
grepwood,1,0,0,non-member
grim-trigger,2,0,0,non-member
grimd34th,0,5,4,non-member
groffer,0,1,0,non-member
gronager,1,0,0,non-member
grubino,1,0,0,non-member
grue0,8,0,0,non-member
grzegorzblaszczyk,0,1,0,non-member
gthiruva,1,0,0,non-member
gtsui,0,1,1,non-member
gubatron,0,7,5,non-member
guenter1952,1,0,0,non-member
guidovranken,3,0,0,non-member
guoxiaoqiao,1,0,0,non-member
gurcani,1,0,0,non-member
gurtaj-project,1,0,0,non-member
guru777,1,0,0,non-member
gusarov,1,0,0,non-member
gustavonalle,1,0,0,non-member
gutted,1,0,0,non-member
gwern,1,0,0,non-member
gwillen,0,1,1,non-member
gygias,1,0,0,non-member
h4x3rotab,0,1,0,non-member
haakonn,0,2,2,non-member
hahahafr,0,1,0,non-member
haight6716,1,1,1,non-member
halfik,1,0,0,non-member
haltingstate,0,1,1,non-member
halvors,0,1,0,non-member
handsomegui,2,0,0,non-member
hans-liu,0,1,0,non-member
haraldh,1,3,0,non-member
harding,2,6,3,member
hasanhuseyincakir,1,0,0,non-member
hdamakeit,1,0,0,non-member
headhunter911,1,0,0,non-member
heath,0,2,1,non-member
hebasto,2,13,4,non-member
hectorj,0,0,1,non-member
helderdb,1,0,0,non-member
hemlockII,1,0,0,non-member
hennyC,1,0,0,non-member
henu,1,0,0,non-member
heyrhett,0,2,1,non-member
hgt5,1,0,0,non-member
hiddenvs,1,0,0,non-member
hikari-no-yume,0,1,0,non-member
himatripuramallu,0,1,0,non-member
himynameismartin,0,0,1,non-member
hkjn,1,5,5,non-member
hmel,0,5,4,non-member
hno,1,2,0,non-member
hoffmabc,0,2,0,non-member
hoke81,1,0,0,non-member
honzik666,0,1,1,non-member
hophacker,1,0,0,non-member
hsjoberg,0,3,2,non-member
hsoft,0,1,1,non-member
hucste,1,0,0,non-member
hughht5,1,0,0,non-member
hxsquid,1,0,0,non-member
hyperwang,1,0,0,non-member
i-rme,8,1,0,non-member
iSnow,1,0,0,non-member
iamdaiyuan,1,0,0,non-member
ian-kelling,4,2,3,non-member
iancoleman,2,0,0,non-member
iangcarroll,0,1,1,non-member
ianks,0,1,0,non-member
ibno2,0,0,1,non-member
ibnteo,1,0,0,non-member
icyfox-bupt,0,2,0,non-member
idevk,1,0,0,non-member
iisword,1,0,0,non-member
ilozanof,1,0,0,non-member
ilsawa,1,0,0,non-member
imharrywu,1,3,3,non-member
imsaguy,1,0,0,non-member
imwuzhh,0,3,2,non-member
imzhuli,2,0,0,non-member
in3rsha,0,1,0,non-member
infertux,0,1,1,non-member
initaldk,0,1,0,non-member
instagibbs,11,65,76,member
int03h,8,0,0,non-member
interfect,0,1,0,non-member
invious,1,0,0,non-member
iongchun,0,1,1,non-member
irvingruan,0,1,1,non-member
isghe,2,7,2,non-member
isle2983,0,12,8,non-member
itoffshore,2,1,1,non-member
itstooez,3,0,0,non-member
itwysgsl,0,1,0,non-member
ius,0,1,1,non-member
ivanpustogarov,0,3,1,non-member
ivdsangen,0,1,1,non-member
jBarz,0,1,0,non-member
ja-heller,1,0,0,non-member
jabware,1,0,0,non-member
jackycjh,1,1,1,non-member
jacwah,1,0,0,non-member
jadox,1,0,0,non-member
jafaber,1,0,0,non-member
jafoal,1,0,0,non-member
jagottsicher,1,0,0,non-member
jakubtrnka,1,1,0,non-member
jalla2000,1,0,0,non-member
jameshentai,2,0,0,non-member
jameshilliard,3,7,1,non-member
jamesmacwhite,0,1,1,non-member
jamesob,4,28,31,member
jangck303,0,1,0,non-member
janstary,7,3,0,non-member
jaromil,0,4,1,non-member
jarret,2,1,1,non-member
jasonkhanlar,1,0,0,non-member
jasonlewicki,0,1,1,non-member
javgh,1,1,0,non-member
javiertuerca,1,0,0,non-member
jayschwa,2,3,4,non-member
jb55,0,1,2,non-member
jbakis,1,0,0,non-member
jbampton,0,1,1,non-member
jbarcelo,0,1,0,non-member
jbreher,4,0,0,non-member
jbuck1954,1,0,0,non-member
jburkle,1,1,1,non-member
jcalvinowens,0,2,1,non-member
jcea,1,0,0,non-member
jddebug,1,0,0,non-member
jdevora,2,0,0,non-member
jeffersoncarpenter,1,0,0,non-member
jeffrade,0,6,5,non-member
jeong760,2,0,0,non-member
jeremyhahn,1,0,0,non-member
jeremyreikes,3,0,0,non-member
jeremysawicki,3,0,0,non-member
jeromer,0,1,0,non-member
jerryldh,0,1,0,non-member
jet0,0,2,0,non-member
jfbolus,1,0,0,non-member
jfkirkley,1,0,0,non-member
jgarzik,50,145,8,non-member
jgeewax,0,1,0,non-member
jgraef,0,1,0,non-member
jharvell,0,1,1,non-member
jhenninger,0,1,1,non-member
jherrerob,1,0,0,non-member
jhfrontz,0,2,1,non-member
jhoenicke,2,0,0,non-member
jhyslop,1,1,0,non-member
jiebanghan,1,0,0,non-member
jim618,1,0,0,non-member
jimhashhq,0,1,0,non-member
jimmysong,0,14,14,non-member
jimpo,1,20,48,non-member
jine,1,0,0,non-member
jjxtra,1,0,0,non-member
jjz,0,2,1,non-member
jl2012,4,34,28,member
jl2035,1,1,1,non-member
jli225,3,0,0,non-member
jlopp,5,9,7,non-member
jloughry,0,1,1,non-member
jmacwhyte,0,1,1,non-member
jmcorgan,0,16,9,non-member
jmdugan,1,0,0,non-member
jnewbery,17,213,396,member
jns4u,1,0,0,non-member
joaopaulofonseca,0,4,2,non-member
joaquintides,1,0,0,non-member
jobsfan,1,0,0,non-member
joe999,1,0,0,non-member
joemphilips,0,2,1,non-member
johannes87,1,0,0,non-member
john-yonn,1,0,0,non-member
johnBuffer,0,1,0,non-member
johncalistro,1,0,0,non-member
johnjacksonbtc,4,0,0,non-member
johnktaylor,1,0,0,non-member
johnlow95,0,0,1,non-member
johnnyasantoss,1,0,0,non-member
johnsondiao,1,0,0,non-member
jojkaart,3,1,0,non-member
jonasman,1,0,0,non-member
jonasnick,0,4,3,non-member
jonasschnelli,44,315,611,member
jonassmedegaard,1,0,0,non-member
jonathancross,1,3,2,non-member
jondoh,1,0,0,non-member
jonjonez,2,0,0,non-member
jonls,0,2,3,non-member
jordanlewis,0,2,8,non-member
jordanmack,1,0,0,non-member
jorisbontje,1,0,0,non-member
joshrabinowitz,0,1,1,non-member
joshtriplett,0,2,8,non-member
jothan,1,0,0,non-member
jprichardson,1,0,0,non-member
jptrway,1,0,0,non-member
jrick,0,2,0,non-member
jrmithdobbs,0,15,6,non-member
jsantos4you,0,1,0,non-member
jsarenik,1,3,0,non-member
jsmootiv,1,0,0,non-member
jtimon,5,203,166,member
jtobey,0,1,0,non-member
jtoomim,1,1,0,non-member
judybabyq,1,0,0,non-member
juestr,1,0,0,non-member
julien-lecomte,1,0,0,non-member
junderw,1,0,0,non-member
juscamarena,0,1,1,non-member
justicz,0,1,0,non-member
justinnease97,1,0,0,non-member
justmoon,0,0,1,non-member
justusranvier,1,0,0,non-member
jwilkins,0,1,0,non-member
jwillerth,1,0,0,non-member
jyap808,0,0,1,non-member
k51312,1,0,0,non-member
ka7,0,1,0,non-member
kajhuisman,0,1,0,non-member
kalgecin,2,0,0,non-member
kallerosenbaum,1,0,0,non-member
kallewoof,9,89,85,member
kanigsson,0,0,1,non-member
kanoi,8,0,0,non-member
kanzure,4,4,2,non-member
kaotisk-hund,1,0,0,non-member
kapiliitr,1,0,0,non-member
kapiteined,1,0,0,non-member
kaplanmaxe,0,1,1,non-member
kardotim,0,1,0,non-member
karek314,2,0,0,non-member
karel-3d,5,3,2,non-member
karibik,0,1,0,non-member
karmaon,1,0,0,non-member
kartcl14,1,0,0,non-member
kashyap2690,0,1,0,non-member
kasperhartwich,1,0,0,non-member
katmagic,1,0,0,non-member
kazaff,1,0,0,non-member
kazcw,5,18,19,non-member
kcb4348,1,0,0,non-member
kdomanski,0,7,15,non-member
keirfb,1,0,0,non-member
kek-coin,1,0,0,non-member
kekimusmaximus,0,4,2,non-member
kemoantemo,1,0,0,non-member
ken2812221,5,74,54,member
kenneth,1,0,0,non-member
kerzane,1,0,0,non-member
kevcooper,0,1,2,non-member
keverw,1,0,0,non-member
kevinfuwenke,0,1,0,non-member
kevinmartinmauro,1,0,0,non-member
kewde,2,1,1,non-member
keyskull,1,0,0,non-member
keystrike,8,4,4,non-member
kfogel,1,0,0,non-member
kgcorps,1,0,0,non-member
khalahan,0,2,0,non-member
khelle,4,0,0,non-member
khorben,0,3,1,non-member
kiba,1,0,0,non-member
kinchcomputers,1,0,0,non-member
kineticdial,0,1,1,non-member
kirai,1,0,0,non-member
kirillkovalenko,2,0,0,non-member
kirit93,0,1,1,non-member
kiritokazuda,0,1,0,non-member
kirkalx,0,1,1,non-member
kjj2,0,5,0,non-member
kjsisco,0,2,0,non-member
kleetus,0,2,0,non-member
klfstl,1,0,0,non-member
knaperek,1,0,0,non-member
knocte,0,3,2,non-member
knoxcard,6,0,1,non-member
ko3ak,1,0,0,non-member
koalana,1,0,0,non-member
kobake,1,3,2,non-member
kokifpen,0,1,0,non-member
kolesnevg,1,0,0,non-member
kollokollo,2,0,0,non-member
kore90,0,1,0,non-member
kosciej,0,1,1,non-member
kosgug,1,0,0,non-member
kostaz,6,3,4,non-member
kostyantyn,0,3,1,non-member
kpasa71,1,0,0,non-member
kpstensland,1,0,0,non-member
kr105,0,0,1,non-member
krab,0,2,1,non-member
krishKM,2,0,0,non-member
kristapsk,2,4,3,non-member
kristovatlas,3,0,0,non-member
kroeckx,1,0,0,non-member
kroese,3,1,0,non-member
kswapd,0,1,0,non-member
ktiedt,1,0,0,non-member
kuerzn,1,0,0,non-member
kunstmusik,1,0,0,non-member
kuzetsa,3,0,0,non-member
kwaaak,0,1,1,non-member
kybl,0,1,0,non-member
kyledrake,1,0,0,non-member
kyluke,1,0,0,non-member
l1feste4ler,1,0,0,non-member
laanwj,212,777,5773,member
lachesis,0,2,1,non-member
lailaiem,0,0,1,non-member
langerhans,0,1,0,non-member
lano1106,0,3,1,non-member
larsr,0,1,1,non-member
lasseleegaard,1,0,0,non-member
laugh26,1,0,0,non-member
lavie,0,1,0,non-member
lawrence97431,1,0,0,non-member
lbyyy,0,1,0,non-member
lclc,0,3,1,non-member
ldenman,0,0,3,non-member
ldm5180,0,2,0,non-member
leafcutterant,2,0,0,non-member
leapingbytes,2,0,0,non-member
lecbee,1,0,0,non-member
leegod,3,0,0,non-member
leekt216,0,1,0,non-member
leijurv,0,4,1,non-member
leishman,1,3,2,non-member
lekanovic,1,0,0,non-member
lemzwerg,0,2,5,non-member
leo-bogert,2,0,0,non-member
leongaban,1,0,0,non-member
leto,1,0,0,non-member
lian,0,1,1,non-member
lichtamberg,2,0,0,non-member
licklake,1,0,0,non-member
lijhui,0,1,0,non-member
linkp,1,0,0,non-member
linpn,1,0,0,non-member
linux-mining,1,0,0,non-member
lioncash,1,0,0,non-member
lionello,0,1,0,non-member
litecoinz-project,1,0,0,non-member
liuqizhi0925,1,0,0,non-member
liushooter,0,1,0,non-member
lizengqianghrb,1,0,0,non-member
llSourcell,1,0,0,non-member
lmanners,0,3,3,non-member
lmlsna,0,1,1,non-member
loganaden,0,1,0,non-member
lokmadyr,1,0,0,non-member
loudthunder,1,0,0,non-member
lovecodelc,3,0,0,non-member
lovesh,1,0,0,non-member
lpescher,0,1,3,non-member
lra,1,0,0,non-member
lsching17,1,0,0,non-member
lseror,1,0,0,non-member
lucash-dev,0,6,3,non-member
lucayepa,0,2,2,non-member
luke-jr,88,266,351,member
lukem512,0,1,1,non-member
lukepighetti,1,0,0,non-member
lunokhod,2,0,0,non-member
lutangar,0,2,1,non-member
luzuluzu,1,0,0,non-member
lvella,1,0,0,non-member
lyle-nel,4,0,0,non-member
lyrra,0,1,0,non-member
lzrloveyou,1,0,0,non-member
m0Ray,0,1,0,non-member
m13253,1,0,0,non-member
m4rkusxxl,1,0,0,non-member
mFarghaly,1,0,0,non-member
maaku,4,23,13,non-member
macd0g,1,0,0,non-member
macdasi,2,0,0,non-member
macintosh264,2,0,0,non-member
mad,3,0,0,non-member
madeo,0,1,1,non-member
madmarks,1,0,0,non-member
magcius,1,0,0,non-member
magoo,1,0,0,non-member
maiiz,4,3,1,non-member
makevoid,0,1,1,non-member
malenchelon,1,0,0,non-member
malleor,0,1,1,non-member
mappum,1,0,0,non-member
maqifrnswa,1,1,2,non-member
maraoz,2,2,5,non-member
marcinja,0,2,1,non-member
marcoagner,1,6,3,non-member
mareksip,1,0,0,non-member
marijnfs,0,1,1,non-member
mariobgr,1,0,0,non-member
mariodian,1,1,2,non-member
mariosal,1,0,0,non-member
martin1978111,0,1,0,non-member
martinpgaunt,1,0,0,non-member
martinschwarz,1,0,0,non-member
martinus,0,6,6,non-member
martinwguy,1,0,0,non-member
marukka,2,0,0,non-member
masaoliou,1,0,0,non-member
masasenshi,1,0,0,non-member
masonicboom,0,6,5,non-member
masterbitcoin,1,0,0,non-member
mathcampbell,1,0,0,non-member
matijalukic,1,0,0,non-member
matthias-g,0,2,1,non-member
mattjquinn,0,0,1,non-member
mautematico,1,0,0,non-member
maveric7911,1,0,0,non-member
mb300sd,4,3,1,non-member
mbrix,1,0,0,non-member
mcandre,2,0,0,non-member
mcassano,2,1,1,non-member
mcdallas,2,0,0,non-member
mcdee,0,1,0,non-member
mcelrath,2,4,0,non-member
mchrostowski,0,1,0,non-member
mclycan,1,0,0,non-member
mdaiter,0,1,0,non-member
mdance,1,0,0,non-member
mdude77,1,0,0,non-member
medisoft,1,0,0,non-member
mehedi21,1,0,0,non-member
meighti,0,1,0,non-member
melaxon,1,0,0,non-member
meoso,1,0,0,non-member
merceyz,2,0,0,non-member
merehap,0,1,1,non-member
merinovroman,1,0,0,non-member
mess110,0,14,10,non-member
message,1,0,0,non-member
metacoin,0,1,0,non-member
mezrin,5,0,0,non-member
mgiuca,1,3,6,non-member
mgosk,2,0,0,non-member
mgrandi,1,0,0,non-member
mgrigajtis,1,0,0,non-member
mgrychow,0,2,0,non-member
mhanne,0,2,2,non-member
mhredmond21,1,1,0,non-member
mi2zha,1,0,0,non-member
mibe,0,4,4,non-member
michaeljs1990,1,0,0,non-member
micrictor,0,1,0,non-member
microcai,2,1,0,non-member
micromaomao,1,0,0,non-member
midas717,1,0,0,non-member
midnightmagic,3,3,1,non-member
mikach,1,0,0,non-member
mikalv,0,1,1,non-member
mikegogulski,9,5,0,non-member
mikehearn,5,12,3,non-member
milewski,1,0,0,non-member
miningpoolhub,1,0,0,non-member
miniupnp,1,0,0,non-member
miranos,1,0,0,non-member
misaelnieto,1,0,0,non-member
miselin,1,0,0,non-member
misiek08,1,0,0,non-member
misterdna,3,0,0,non-member
mizhang,4,0,0,non-member
mkabatek,2,0,0,non-member
mkae,1,0,0,non-member
mklarmann,0,1,0,non-member
mkyukov,1,0,0,non-member
mlmikael,1,1,0,non-member
mm-s,0,2,1,non-member
mmacedoeu,1,0,0,non-member
mmerickel,1,0,0,non-member
mmitech,1,0,0,non-member
mmortal03,2,0,0,non-member
mndrix,1,3,5,non-member
mobbil,1,0,0,non-member
mohamedfarrag,2,0,0,non-member
mohamedfawzy96,2,0,0,non-member
molecular,4,0,0,non-member
molxyz,4,0,0,non-member
moneyball,0,1,1,non-member
monochromec,1,0,0,non-member
monohydroxy,1,0,0,non-member
morcos,20,112,209,member
mosqiutor,1,0,0,non-member
mouda77,1,0,0,non-member
mputter,1,0,0,non-member
mrbandrews,0,9,17,non-member
mrcoins,1,0,0,non-member
mrmarvelous,1,0,0,non-member
mrqc,1,0,0,non-member
mruddy,3,22,15,non-member
mrwhythat,1,8,9,non-member
mryandao,0,2,3,non-member
msgilligan,2,0,0,non-member
msva,5,0,1,non-member
msxmine,1,0,0,non-member
muggenhor,0,9,34,non-member
muhammednagy,1,0,0,non-member
multibhw,0,1,0,non-member
murrayn,4,12,7,non-member
murtyjones,0,0,1,non-member
musalbas,0,1,2,non-member
mustitz,1,0,0,non-member
mwally,1,0,0,non-member
mwleeds,0,1,0,non-member
mxen,1,0,0,non-member
mxlian,0,1,0,non-member
mymixing,1,0,0,non-member
myrobeandwizardhat,0,1,0,non-member
mzhou,1,0,0,non-member
n0n0n0n0,2,0,0,non-member
n1000,1,0,0,non-member
n1bor,2,1,0,non-member
n2yen,0,1,0,non-member
nQuantPlatforms,2,0,0,non-member
naesar,1,0,0,non-member
nanotube,5,2,0,non-member
nanpanman,1,0,0,non-member
narula,0,1,0,non-member
nathaniel-mahieu,2,2,2,non-member
natonamco,1,0,0,non-member
naumenkogs,0,1,1,non-member
nbenoit,0,2,2,non-member
ne-vlezay80,2,0,0,non-member
nebman,1,0,0,non-member
nedvedp,1,0,0,non-member
negedzuregal,0,5,2,non-member
neilneyman,1,0,0,non-member
nelisky,1,0,0,non-member
neobitz,1,0,0,non-member
neptunix,1,0,0,non-member
nerdDan,1,0,0,non-member
netsafe,0,1,0,non-member
newbusinessman1,1,0,0,non-member
newmzy,1,0,0,non-member
nextgentechguru,1,0,0,non-member
nextgenthemes,3,0,0,non-member
nickodell,1,1,0,non-member
nikileshsa,4,0,0,non-member
nilamdoc,1,0,0,non-member
nilsh,1,0,0,non-member
nilsja,1,0,0,non-member
nirajkr,2,0,0,non-member
nixbox,0,1,1,non-member
nixoid,2,0,0,non-member
nixxle,1,0,0,non-member
njbartlett,1,0,0,non-member
njbrown09,1,0,0,non-member
nkostoulas,2,1,0,non-member
nkrowlan,1,0,0,non-member
nmarley,0,1,0,non-member
nobled,0,2,2,non-member
nobushige,1,0,0,non-member
nomnombtc,4,3,11,non-member
non-github-bitcoin,0,0,272,non-member
nono2357,2,0,0,non-member
nopara73,5,2,0,non-member
notsureif,1,0,0,non-member
noxxim,1,0,0,non-member
nsaatlarge,2,0,0,non-member
ntrgn,1,2,0,non-member
nu11gravity,1,0,0,non-member
nuggetbram,0,1,0,non-member
nullpt,1,0,0,non-member
number9387,2,0,0,non-member
nuriyevn,1,0,0,non-member
nvercamm,0,1,1,non-member
nvmd,0,1,1,non-member
obf73,1,0,0,non-member
oblongmeteor,1,0,0,non-member
od1n,1,0,0,non-member
ohhmm,3,0,0,non-member
ojab,0,1,1,non-member
okayplanet,0,1,1,non-member
olalonde,2,1,1,non-member
olea,3,1,0,non-member
oleganza,2,0,0,non-member
oliverdowling,1,0,0,non-member
omarabid,1,0,0,non-member
omegachien,1,0,0,non-member
omyno,1,0,0,non-member
ondra-novak,3,1,0,non-member
onlyjob,0,1,1,non-member
openGLnoob,1,0,0,non-member
oris,1,0,0,non-member
orrd,1,0,0,non-member
orweinberger,1,0,0,non-member
oshek14,1,0,0,non-member
osmosis79,3,1,0,non-member
out0fmemory,1,0,0,non-member
outsource,1,0,0,non-member
ovdeathiam,0,1,1,non-member
ovidiu26claudiu,1,0,0,non-member
ovidiusoft,1,0,0,non-member
ozeiuyo,1,0,0,non-member
p2k,0,1,6,non-member
p308945,2,0,0,non-member
p3yot3,1,0,0,non-member
padedek,1,0,0,non-member
padima1,2,0,0,non-member
pakt,1,0,0,non-member
panlilu,0,1,0,non-member
paraboul,0,1,0,non-member
paraipan,2,5,4,non-member
parazyd,0,2,0,non-member
pascalBokBok,2,0,0,non-member
pasky,0,1,0,non-member
passionofvc,4,0,0,non-member
pastly,0,0,1,non-member
patikkangayon,0,1,0,non-member
patrickmason,1,0,0,non-member
patricksavalle,1,0,0,non-member
patrikr,4,0,0,non-member
patvarilly,0,0,1,non-member
paulberg,0,0,1,non-member
paulgao,1,0,0,non-member
paulogeyer,1,0,0,non-member
pavans009,1,0,0,non-member
paveljanik,20,104,109,non-member
pavimus,1,0,0,non-member
pavlosantoniou,0,3,2,non-member
payomdousti,1,0,0,non-member
peawormsworth,1,0,0,non-member
pedro-roberto,1,0,0,non-member
pedrobranco,2,7,5,non-member
pennyfx,1,0,0,non-member
pensan,1,0,0,non-member
pentarh,2,0,0,non-member
peryaudo,0,1,0,non-member
petercooperjr,1,0,0,non-member
peterjosling,0,1,1,non-member
petertodd,3,73,102,non-member
petterreinholdtsen,0,0,1,non-member
pgrigor,2,0,0,non-member
phanpp,0,1,0,non-member
phantomcircuit,0,1,0,non-member
phants,1,0,0,non-member
pheldens,1,0,0,non-member
phelixbtc,0,4,0,non-member
philbert,1,0,0,non-member
philippgille,1,0,0,non-member
phillipsjk,1,0,0,non-member
philsong,7,1,1,non-member
phiresky,1,0,0,non-member
phorensic,0,1,0,non-member
photis,1,0,0,non-member
phuongnd08,2,0,0,non-member
physicsdude,1,0,0,non-member
pi,0,1,0,non-member
pickerin,1,0,0,non-member
picree,1,0,0,non-member
pierreN,1,1,0,non-member
pinheadmz,10,4,3,non-member
piotrnar,1,0,0,non-member
pirapira,0,2,2,non-member
pixelglow,0,1,0,non-member
pjtallon,1,0,0,non-member
plato-cambrian,2,0,0,non-member
plavcik,2,0,0,non-member
playgamelxh,1,0,0,non-member
plazma48,0,1,0,non-member
pnagurny,1,0,0,non-member
poiuty,1,0,0,non-member
polkovnikov-ph,1,0,0,non-member
polyetilen,0,1,0,non-member
ponlapak,1,0,0,non-member
pooleja,0,1,0,non-member
popenkomaksim,0,1,0,non-member
pose,0,1,0,non-member
posita,2,2,3,non-member
possientis,2,0,0,non-member
postfan,1,0,0,non-member
pouta,0,1,0,non-member
ppdac,1,0,0,non-member
pra85,0,0,1,non-member
practicalswift,4,321,329,member
prajwalrao2012,1,0,0,non-member
pratik91s,2,0,0,non-member
praxeology-guy,6,0,0,non-member
preminem,1,0,0,non-member
priiduneemre,1,0,0,non-member
primezeta,1,0,0,non-member
pristantyo,0,1,0,non-member
progranism,1,0,0,non-member
promag,8,91,112,member
propertunist,1,0,0,non-member
pruflyos,1,0,0,non-member
prusnak,4,4,3,non-member
pryds,0,0,1,non-member
pscTheOne,1,0,0,non-member
pshep,1,1,0,non-member
pstratem,7,59,71,non-member
pszturmaj,1,0,0,non-member
ptmhd,1,0,0,non-member
ptschip,7,11,5,non-member
puchu,0,1,0,non-member
pygeek,0,2,1,non-member
qiuness,1,0,0,non-member
qmma70,0,2,0,non-member
qshuai,1,2,0,non-member
quantumpotato,1,0,0,non-member
qubez,4,0,0,non-member
qubit1729,1,0,0,non-member
quentinlesceller,1,0,0,non-member
qwainaina,0,1,0,non-member
r000n,0,2,5,non-member
r3wt,1,0,0,non-member
rPman,3,0,0,non-member
rabuse,0,1,0,non-member
racan01,1,0,0,non-member
raedah,7,2,0,non-member
ralphtheninja,2,0,0,non-member
randallmunroe,2,0,0,non-member
randolf,0,3,4,non-member
randy-waterhouse,3,15,6,non-member
randyrossi,1,0,0,non-member
rangershi,1,0,0,non-member
rattrap19,1,0,0,non-member
rawodb,0,4,0,non-member
rbndg,1,0,0,non-member
rdponticelli,5,6,5,non-member
real-or-random,0,2,3,non-member
rebroad,121,135,35,non-member
recas,1,0,0,non-member
redblade7,1,0,0,non-member
redfly001,1,0,0,non-member
redshark1802,0,1,1,non-member
renepickhardt,0,1,0,non-member
renne,3,0,0,non-member
retroman,1,0,0,non-member
reverie,2,0,0,non-member
rex4539,2,3,2,non-member
rhinogroup,1,0,0,non-member
ricgoto,1,0,0,non-member
richard-flosi,0,1,0,non-member
richardassar,3,0,0,non-member
richardkiss,0,6,3,non-member
rifaterdemsahin,8,0,0,non-member
rikur,1,0,0,non-member
rion,0,1,1,non-member
ripper234,2,0,0,non-member
rktoomey,0,1,1,non-member
rm44377,1,0,0,non-member
rnicoll,0,11,9,non-member
robbak,0,7,5,non-member
robby-dermody,1,0,0,non-member
robegan21,0,1,0,non-member
robertclarkson,1,0,0,non-member
robertrj,1,0,0,non-member
robertsdotpm,0,1,0,non-member
robmcl4,0,2,1,non-member
robvanmieghem,0,2,2,non-member
robzrob,1,0,0,non-member
rock217,1,0,0,non-member
rockandruby,1,0,0,non-member
roconnor,4,0,0,non-member
roconnor-blockstream,0,1,0,non-member
rodasmith,0,1,1,non-member
roddyofchina,1,0,0,non-member
rodjacksonx,1,0,0,non-member
rofl0r,2,0,0,non-member
rohitroyrr8,1,0,0,non-member
rohundhar,0,1,0,non-member
romanornr,0,2,1,non-member
romanz,0,3,4,non-member
romerun,1,0,0,non-member
roques,0,9,9,non-member
roquette,1,0,0,non-member
roybadami,0,1,5,non-member
rpiuoidfrgf,1,0,0,non-member
rricci2009,5,0,0,non-member
rstarkov,1,0,0,non-member
rubensayshi,1,2,1,non-member
ruimarinho,1,0,0,non-member
runeksvendsen,3,7,7,non-member
rustyrussell,5,3,2,non-member
rutkov,1,0,0,non-member
rvelhote,0,1,1,non-member
rvzanten,1,0,0,non-member
ryan52,0,1,1,non-member
ryancdotorg,1,0,0,non-member
ryannathans,1,0,0,non-member
ryanofsky,4,107,180,non-member
ryanxcharles,1,1,1,non-member
s-matthew-english,1,15,8,non-member
s3erios,0,0,1,non-member
safocl,1,0,0,non-member
saivann,0,1,1,non-member
saleemrashid,1,0,0,non-member
saltmaster,2,0,0,non-member
samholmes,1,0,0,non-member
samuelGrahame,1,0,0,non-member
sanch0panza,0,1,0,non-member
sandakersmann,0,16,5,non-member
sandmarq,1,0,0,non-member
sandos,0,1,0,non-member
sanjays95,1,0,0,non-member
sanket1729,0,2,1,non-member
santmedir44,1,0,0,non-member
santyraghavan,0,1,0,non-member
sanyanet2,1,0,0,non-member
saower,1,0,0,non-member
sapirx3,1,0,0,non-member
sarchar,0,2,1,non-member
sassame,0,2,0,non-member
sathwikrao575,1,0,0,non-member
satindergrewal,1,0,0,non-member
satoshinnakamoto,0,0,34,non-member
satwo,0,2,2,non-member
sauldrod,0,1,0,non-member
schildbach,9,7,8,non-member
scmorse,1,1,1,non-member
scravy,0,7,12,non-member
sdaftuar,21,136,227,member
sdaves,0,1,0,non-member
sdlkfjdslkfj,1,0,0,non-member
sdsdalr,1,0,0,non-member
sean5hc,1,0,0,non-member
secunoid,1,0,0,non-member
seigneur,1,0,0,non-member
semibiotic,0,1,0,non-member
serderovsh,1,0,0,non-member
serge-name,1,0,0,non-member
sergeyklay,1,0,0,non-member
sethking,1,0,0,non-member
setpill,1,0,0,non-member
sevastos,0,1,1,non-member
seweso,1,0,0,non-member
sgaltsev,2,0,0,non-member
sgimenez,3,4,2,non-member
sgornick,7,0,0,non-member
shadders,1,0,0,non-member
shadowsjack,1,0,0,non-member
shahnah,1,0,0,non-member
shakaran,1,0,0,non-member
shanew,0,1,1,non-member
shanezh,1,0,0,non-member
shaolinfry,0,1,1,non-member
shashank-khanna,0,1,0,non-member
shaulkf,0,2,3,non-member
shea256,0,2,1,non-member
sheldonth,1,0,0,non-member
shesek,1,0,0,non-member
shigeya,0,2,1,non-member
shimondoodkin,3,0,0,non-member
shinaberryj,0,1,0,non-member
shitakee,0,1,0,non-member
shivaenigma,2,0,0,non-member
shouhuas,1,0,0,non-member
shshshsh,1,2,0,non-member
shufps,1,2,0,non-member
shuuchen,2,0,0,non-member
shyii,1,0,0,non-member
sidazhang,1,0,0,non-member
sidhujag,4,3,0,non-member
sigwo,0,1,1,non-member
silver-moose,1,0,0,non-member
silvioq,0,1,0,non-member
sime,2,0,2,non-member
simondlr,0,1,1,non-member
simonmulser,0,1,0,non-member
simplex409,1,0,0,non-member
sinacc,1,0,0,non-member
sinetek,2,10,7,non-member
sipa,75,539,1584,member
sipessx,1,0,0,non-member
sipsorcery,5,8,8,non-member
sirk390,1,0,0,non-member
sje1,0,1,1,non-member
sje397,0,8,7,non-member
sjuxax,1,0,0,non-member
skaht,2,0,0,non-member
skeees,1,14,15,member
skvitek,1,0,0,non-member
slbug,1,0,0,non-member
sleepndevelop,1,0,0,non-member
slothbag,3,0,0,non-member
slsdhl,1,0,0,non-member
slush0,2,0,0,non-member
smartbrain,1,0,0,non-member
smola,0,2,1,non-member
smoothrunnings,2,0,0,non-member
smurfix,1,0,0,non-member
sneak,0,1,0,non-member
snitko,1,0,0,non-member
snomannaseem,1,0,0,non-member
snomofomo,0,1,0,non-member
snvakula,0,1,0,non-member
soheil,1,0,0,non-member
somdoron,0,1,0,non-member
somebadger,0,1,0,non-member
soroush,0,1,0,non-member
soundrazor,1,0,0,non-member
sp1d3rx,1,0,0,non-member
spartucus,1,0,0,non-member
spbubble123,1,0,0,non-member
specialen,1,0,0,non-member
speirs,0,1,0,non-member
spencerlievens,1,4,3,non-member
sphinxc0re,1,0,0,non-member
spiechu,0,1,2,non-member
spinza,2,1,0,non-member
spyder46n2,0,3,0,non-member
srs96,1,0,0,non-member
ssdpool,1,0,0,non-member
ssokolow,1,0,0,non-member
sstone,0,1,0,non-member
stacepellegrino,3,0,0,non-member
stakauskas,0,1,0,non-member
stale2000,0,1,0,non-member
starius,0,1,0,non-member
stas730,1,0,0,non-member
statebits,0,1,0,non-member
statory,1,0,0,non-member
steelmythos,1,0,0,non-member
steevithak,1,0,0,non-member
stefek99,3,1,0,non-member
stefment,2,0,0,non-member
stephantual,1,0,0,non-member
stevendlander,0,1,1,non-member
stevenph,1,0,0,non-member
stevenroose,4,0,0,non-member
stevenwagner,3,0,1,non-member
steverusso,0,1,1,non-member
sthorley,1,0,0,non-member
stigeebus,1,0,0,non-member
stijnsanders,1,0,0,non-member
stikonas,1,0,0,non-member
str4d,0,2,13,non-member
streamofstars,1,0,0,non-member
strk,2,0,0,non-member
stuhood,2,0,0,non-member
stupnserg,1,0,0,non-member
sturles,2,1,0,non-member
subSTRATA,6,0,0,non-member
sudosurootdev,0,2,0,non-member
sugarjig,0,1,0,non-member
sumBTC,1,0,0,non-member
super3,5,23,16,non-member
surfrock66,1,0,0,non-member
survic,1,0,0,non-member
svirusxxx,1,0,0,non-member
svost,0,0,1,non-member
sy7870,1,0,0,non-member
syejing,1,0,0,non-member
synctext,0,1,0,non-member
syrius01,1,0,0,non-member
szTheory,1,0,0,non-member
szuetam,1,0,0,non-member
taichitai,1,0,0,non-member
tailsjoin,0,1,1,non-member
takinbo,1,0,0,non-member
tamasblummer,0,2,3,non-member
taras-kolodchyn,1,0,0,non-member
tarbell,0,2,0,non-member
tarukosu,1,0,0,non-member
tarzanious,1,0,0,non-member
tcatm,6,16,0,non-member
tdaede,1,0,0,non-member
tdiesler,1,0,0,non-member
teamfiness,0,1,0,non-member
teathsch,1,0,0,non-member
tecnovert,0,1,0,non-member
tedjweb,0,1,0,non-member
telst4r,1,0,0,non-member
tepleko,1,0,0,non-member
teran-mckinney,0,0,1,non-member
terrylai,2,0,0,non-member
tetsaicn,1,0,0,non-member
tfoote,0,1,0,non-member
tgeller,0,2,0,non-member
thallium205,1,0,0,non-member
thedigitalpatriot,0,1,0,non-member
thegreatnegel,0,1,0,non-member
thelazier,0,1,1,non-member
themighty1,5,1,0,non-member
theochino,3,0,0,non-member
theogoodman,0,1,0,non-member
thequillmagazine,1,0,0,non-member
therealplato,1,0,0,non-member
theuni,7,280,572,member
theymos,6,0,0,non-member
thijstriemstra,0,1,0,non-member
thinkmonkeys,1,0,0,non-member
thisisgoodnews,1,0,0,non-member
thisisnotmyrealemail,2,0,0,non-member
thofmann,0,1,2,non-member
tholenst,0,3,3,non-member
thomasstep,0,1,0,non-member
thosuperman,1,0,0,non-member
thotheolh,1,0,0,non-member
threepehr,0,1,0,non-member
thunderchart,1,0,0,non-member
tiger5226,1,0,0,non-member
tijsmaas,1,0,0,non-member
timb999,1,0,0,non-member
timmerov,1,0,0,non-member
timohanke,0,1,0,non-member
timsk,0,1,0,non-member
timuckun,1,0,0,non-member
tjps,0,11,12,non-member
tkaczorro,1,0,0,non-member
tkembo,0,2,0,non-member
tl121,3,0,0,non-member
tm314159,0,2,1,non-member
tmany,3,0,0,non-member
tmartinx,1,0,0,non-member
tnakagawa,0,0,1,non-member
tnull,1,2,0,non-member
toan85,1,0,0,non-member
toby,0,1,0,non-member
toffoo,1,0,0,non-member
tomasvdw,1,1,1,non-member
tomatemozarella,1,0,0,non-member
tomatopeel,0,1,0,non-member
tomboy-64,1,1,0,non-member
tomjan35,1,0,0,non-member
top1st,1,0,0,non-member
torstehu,0,0,1,non-member
trapp,0,2,1,non-member
trav-j,1,0,0,non-member
trentzb,1,0,0,non-member
trevelocity,2,0,0,non-member
trevor3,1,0,0,non-member
tripplet,1,0,0,non-member
truism69,1,0,0,non-member
trulex,0,0,1,non-member
tschaboo,1,0,0,non-member
tschorsch,1,0,0,non-member
tstasevych,1,0,0,non-member
tucenaber,1,1,1,non-member
tuladhar,0,0,1,non-member
tulip0,2,1,0,non-member
tunnelman,1,0,0,non-member
tuttleorbuttle,0,3,0,non-member
tuxayo,1,0,0,non-member
tuxmaster,2,0,0,non-member
tuxmaster5000,1,0,0,non-member
tviho,0,1,0,non-member
tw4w3t,1,0,0,non-member
tykling,1,0,0,non-member
ubuntupunk,1,0,0,non-member
udibr,1,0,0,non-member
undercoverGod,0,1,0,non-member
underdarkskies,1,0,0,non-member
unixb0y,1,0,0,non-member
unixeO,1,0,0,non-member
unk1911,1,0,0,non-member
unsystemizer,16,6,4,non-member
user78713,1,0,0,non-member
ussjoin,1,0,0,non-member
utsavgupta,0,1,1,non-member
vachichuong,1,0,0,non-member
vajdaz,0,2,0,non-member
valentinewallace,0,1,0,non-member
vasild,0,1,4,non-member
vasisualiy,2,0,0,non-member
vayvanne,3,0,0,non-member
vcaxx,1,0,0,non-member
vdidonato,1,0,0,non-member
vegard,0,3,6,non-member
venatici,0,1,0,non-member
venzen,1,0,0,non-member
veqtrus,0,1,1,non-member
vessenes,1,0,0,non-member
vhf,0,1,1,non-member
viaj3ro,1,0,0,non-member
vicgarin,1,0,0,non-member
viennadd,2,0,0,non-member
vii,0,1,0,non-member
vikstrous,2,0,0,non-member
vindicatorr,3,0,0,non-member
vinniefalco,2,3,5,non-member
vinyyoo,1,0,0,non-member
vipwzw,1,1,0,non-member
visvirial,0,1,0,non-member
vivganes,0,2,1,non-member
vlajos,0,0,1,non-member
vlamer,1,2,0,non-member
vleschuk,0,1,1,non-member
vmavromatis,1,0,0,non-member
voanhcuoc,1,0,0,non-member
vobornik,0,1,1,non-member
vogelito,2,0,0,non-member
voidzero,1,0,0,non-member
voisine,1,0,0,non-member
volkno25,1,0,0,non-member
vosa88,0,1,0,non-member
vsespb,3,0,0,non-member
vsrinivas,0,0,4,non-member
wadelau,1,0,0,non-member
waipot11,1,0,0,non-member
walterwhite81,0,1,1,non-member
wamoyo,1,0,0,non-member
wanbok,0,1,0,non-member
wangchun,1,2,0,non-member
wangnan31415926,1,0,0,non-member
wargo32,1,0,0,non-member
watashikokoto,1,0,0,non-member
waterfok,1,0,0,non-member
wbarobinson,0,0,1,non-member
wbchen99,1,0,0,non-member
wbnns,0,4,0,non-member
weavejester,2,0,0,non-member
webwakko,2,0,0,non-member
weex,2,0,0,non-member
welshjf,3,2,2,non-member
wens07,1,0,0,non-member
whitj00,1,4,5,non-member
whitslack,0,1,0,non-member
whosda,1,0,0,non-member
wilbown,0,1,1,non-member
wild-jie,1,0,0,non-member
will123195,0,1,0,non-member
william129,1,0,0,non-member
willyko,0,1,1,non-member
wilsonwang371,1,0,0,non-member
winder,0,1,1,non-member
wintercooled,1,0,0,non-member
witten,2,1,1,non-member
witty67,0,1,0,non-member
wizeman,2,3,10,non-member
wizkid057,1,0,0,non-member
wizkoder,2,0,0,non-member
wjx,0,1,2,non-member
wkbaran,2,0,0,non-member
wlch,1,0,0,non-member
wmassag,1,0,0,non-member
wodry,18,12,7,non-member
woeisme,1,0,0,non-member
wojciechmorawski,1,0,0,non-member
wolfnoliir,1,0,0,non-member
wraith7,0,0,1,non-member
wrapperband,1,1,0,non-member
writlarge,1,0,0,non-member
wtabata,1,0,0,non-member
wtogami,12,19,19,non-member
wudigithub1,5,0,0,non-member
wwg2018new,4,0,0,non-member
wwortel,1,0,0,non-member
wyager,0,1,1,non-member
xHire,1,2,2,non-member
xanatos,20,18,0,non-member
xblitz,1,1,0,non-member
xdlapp,0,1,0,non-member
xenog,2,1,0,non-member
xerohour,1,0,0,non-member
xianglanlan,2,0,0,non-member
xjl456852,0,1,0,non-member
xor-freenet,1,2,0,non-member
xslidian,0,3,2,non-member
xyephy,0,1,0,non-member
xyzzy099,1,0,0,non-member
y,4,0,0,non-member
y12studio,0,1,0,non-member
yasamanG,1,0,0,non-member
yashbhutwala,1,1,0,non-member
yellowcoin,1,0,0,non-member
yellowred,1,0,0,non-member
yield65,1,0,0,non-member
youkie,2,0,0,non-member
youurayy,1,0,0,non-member
yuilleb,1,0,0,non-member
yuntai,0,1,0,non-member
yuvaldrori,1,0,0,non-member
yxliang01,1,0,0,non-member
yzb1019,0,1,0,non-member
zablonbaraka85,0,1,0,non-member
zander,0,6,0,non-member
zastil,0,1,0,non-member
zathras-crypto,0,0,1,non-member
zauguin,0,1,1,non-member
zawy12,1,0,0,non-member
zcc0721,0,1,0,non-member
zechiel,0,1,0,non-member
zefir-k,1,0,0,non-member
zeldovich,0,1,0,non-member
zenixls2,1,0,0,non-member
zguoguo,1,0,0,non-member
zhaokexun,0,1,0,non-member
zhci,1,0,0,non-member
zhiweiwong96,0,1,0,non-member
zhiyan114,1,0,0,non-member
zhoushouchang,1,0,0,non-member
zhuimengshaonian66,2,0,0,non-member
zibcoin,0,1,0,non-member
znort987,0,1,0,non-member
zookozcash,1,0,0,non-member
zootreeves,0,1,0,non-member
zottirik,1,0,0,non-member
zscole,1,0,0,non-member
zstardust,1,0,0,non-member
zw,6,3,6,non-member
zzinda19,1,0,0,non-member
