Source,Target
mruddy,jmcorgan
mruddy,fanquake
mruddy,ken2812221
mruddy,greenaddress
mruddy,laanwj
mruddy,Empact
mruddy,laanwj
mruddy,MarcoFalke
wodry,promag
wodry,fanquake
wodry,Empact
wodry,sipa
wodry,laanwj
wodry,MarcoFalke
wodry,ken2812221
fanquake,MarcoFalke
fanquake,ken2812221
berktaylan,fanquake
ErdenCelik,fanquake
domob1812,Empact
domob1812,promag
domob1812,laanwj
domob1812,MarcoFalke
Gnappuraz,sipa
Gnappuraz,Empact
Gnappuraz,promag
Gnappuraz,fanquake
Gnappuraz,ken2812221
jnewbery,promag
jnewbery,ryanofsky
jnewbery,Empact
jnewbery,laanwj
jnewbery,sipa
Empact,theuni
Empact,laanwj
Empact,MarcoFalke
jnewbery,promag
jnewbery,laanwj
jnewbery,MarcoFalke
jnewbery,ken2812221
promag,jamesob
promag,MarcoFalke
promag,achow101
MarcoFalke,laanwj
MarcoFalke,Munim-Pro
MarcoFalke,ken2812221
droark,jonasschnelli
droark,laanwj
droark,fanquake
droark,promag
Empact,sipa
Empact,laanwj
Empact,sipa
Empact,practicalswift
achow101,instagibbs
achow101,promag
achow101,nvk
achow101,Sjors
achow101,laanwj
achow101,sipa
JBaczuk,practicalswift
JBaczuk,ken2812221
practicalswift,promag
practicalswift,fanquake
practicalswift,Empact
practicalswift,MarcoFalke
practicalswift,ken2812221
practicalswift,promag
practicalswift,MarcoFalke
practicalswift,achow101
practicalswift,Xekyo
practicalswift,promag
ajtowns,Empact
ajtowns,251Labs
ajtowns,sipa
ajtowns,laanwj
ajtowns,MarcoFalke
ajtowns,achow101
practicalswift,promag
practicalswift,MarcoFalke
practicalswift,laanwj
practicalswift,MarcoFalke
fanquake,laanwj
fanquake,MarcoFalke
laanwj,sipa
laanwj,tmagik
laanwj,theuni
laanwj,fanquake
stakauskas,promag
stakauskas,skwp
stakauskas,TheBlueMatt
stakauskas,MarcoFalke
stakauskas,practicalswift
stakauskas,fanquake
stakauskas,NicolasDorier
stakauskas,jtimon
kallewoof,luke-jr
kallewoof,NicolasDorier
kallewoof,promag
wodry,jonasschnelli
wodry,promag
wodry,laanwj
wodry,fanquake
MarcoFalke,promag
MarcoFalke,laanwj
MarcoFalke,promag
MarcoFalke,jnewbery
practicalswift,promag
practicalswift,gmaxwell
practicalswift,Empact
practicalswift,laanwj
practicalswift,MarcoFalke
practicalswift,ken2812221
lucash-dev,laanwj
wodry,promag
wodry,laanwj
wodry,sipa
MarcoFalke,promag
MarcoFalke,laanwj
MarcoFalke,sipa
laanwj,sipa
laanwj,MarcoFalke
promag,jonasschnelli
promag,fanquake
promag,Sjors
promag,laanwj
promag,MarcoFalke
laanwj,promag
laanwj,MarcoFalke
MarcoFalke,sipa
MarcoFalke,morcos
MarcoFalke,laanwj
MarcoFalke,fanquake
Empact,luke-jr
Empact,promag
Empact,practicalswift
Empact,sipa
jnewbery,MarcoFalke
jnewbery,fanquake
MarcoFalke,laanwj
MarcoFalke,jnewbery
ken2812221,MarcoFalke
ken2812221,scravy
fanquake,practicalswift
fanquake,MarcoFalke
MarcoFalke,jnewbery
DesWurstes,promag
DesWurstes,practicalswift
DesWurstes,luke-jr
DesWurstes,Empact
DesWurstes,laanwj
DesWurstes,MarcoFalke
kristapsk,razamobin
kristapsk,MarcoFalke
kristapsk,fanquake
jonasschnelli,promag
jonasschnelli,MarcoFalke
practicalswift,anton48
practicalswift,fanquake
practicalswift,sipa
practicalswift,laanwj
practicalswift,MarcoFalke
practicalswift,ken2812221
promag,laanwj
promag,MarcoFalke
promag,ken2812221
achow101,instagibbs
achow101,sipa
achow101,fanquake
achow101,MeshCollider
achow101,laanwj
achow101,MarcoFalke
jnewbery,promag
jnewbery,laanwj
jnewbery,sipa
jnewbery,TheCharlatan
wodry,practicalswift
wodry,cdecker
practicalswift,fanquake
practicalswift,MarcoFalke
fanquake,promag
fanquake,laanwj
fanquake,MarcoFalke
promag,laanwj
promag,MarcoFalke
promag,ken2812221
promag,fanquake
sipa,jimpo
sipa,Empact
sipa,promag
sipa,laanwj
qmma70,sipa
qmma70,sdaftuar
wodry,MarcoFalke
ken2812221,Empact
ken2812221,laanwj
ken2812221,promag
ken2812221,MarcoFalke
ken2812221,Empact
ken2812221,sipa
ken2812221,laanwj
ken2812221,MarcoFalke
ken2812221,qmma70
MarcoFalke,promag
MarcoFalke,practicalswift
MarcoFalke,laanwj
MarcoFalke,sipa
MarcoFalke,qmma70
theuni,promag
theuni,practicalswift
theuni,Empact
theuni,sipa
theuni,laanwj
theuni,MarcoFalke
loganaden,kanzure
loganaden,practicalswift
loganaden,TheBlueMatt
loganaden,Empact
loganaden,laanwj
loganaden,MarcoFalke
loganaden,ken2812221
murrayn,practicalswift
murrayn,MarcoFalke
nikhilkumar94,fanquake
HashUnlimited,sipa
HashUnlimited,promag
HashUnlimited,MarcoFalke
HashUnlimited,ken2812221
sipa,Empact
sipa,theuni
sipa,laanwj
sipa,ken2812221
Sjors,practicalswift
Sjors,MarcoFalke
kaloudis,fanquake
jnewbery,laanwj
jnewbery,MarcoFalke
ken2812221,theuni
ken2812221,laanwj
ken2812221,fanquake
ken2812221,promag
kristapsk,gmaxwell
kristapsk,promag
spyder46n2,Empact
Empact,practicalswift
Empact,sipa
jonasschnelli,jnewbery
jonasschnelli,promag
jonasschnelli,ryanofsky
jonasschnelli,laanwj
jonasschnelli,sipa
MarcoFalke,promag
MarcoFalke,laanwj
MarcoFalke,practicalswift
laanwj,theuni
laanwj,promag
laanwj,jonasschnelli
laanwj,TheBlueMatt
laanwj,MeshCollider
laanwj,MarcoFalke
laanwj,wumpus
laanwj,practicalswift
laanwj,fanquake
MarcoFalke,sipsorcery
MarcoFalke,laanwj
MarcoFalke,practicalswift
fanquake,instagibbs
fanquake,laanwj
practicalswift,laanwj
practicalswift,MarcoFalke
practicalswift,ken2812221
instagibbs,luke-jr
instagibbs,laanwj
instagibbs,MarcoFalke
instagibbs,fanquake
instagibbs,sdaftuar
instagibbs,sipa
instagibbs,achow101
instagibbs,jtimon
instagibbs,promag
instagibbs,laanwj
instagibbs,MarcoFalke
instagibbs,fanquake
practicalswift,MarcoFalke
instagibbs,luke-jr
instagibbs,sipa
practicalswift,promag
practicalswift,laanwj
practicalswift,MarcoFalke
practicalswift,ken2812221
ken2812221,jnewbery
ken2812221,MarcoFalke
murrayn,fanquake
murrayn,theuni
murrayn,MarcoFalke
ken2812221,theuni
ken2812221,laanwj
ken2812221,achow101
edsgerlin,theuni
edsgerlin,laanwj
edsgerlin,MarcoFalke
edsgerlin,ken2812221
edsgerlin,fanquake
lucash-dev,Empact
lucash-dev,promag
lucash-dev,MarcoFalke
sipa,theuni
achow101,MarcoFalke
achow101,ken2812221
MarcoFalke,laanwj
MarcoFalke,practicalswift
TheBlueMatt,luke-jr
TheBlueMatt,promag
TheBlueMatt,sipa
TheBlueMatt,MarcoFalke
sipa,theuni
sipa,laanwj
MarcoFalke,jonasschnelli
MarcoFalke,promag
MarcoFalke,laanwj
MarcoFalke,practicalswift
MarcoFalke,fanquake
MarcoFalke,Empact
MarcoFalke,jnewbery
Empact,laanwj
Empact,MarcoFalke
Empact,practicalswift
ken2812221,luke-jr
kallewoof,Empact
kallewoof,sipa
kallewoof,MarcoFalke
kallewoof,fanquake
kallewoof,Empact
kallewoof,Sjors
kallewoof,promag
kallewoof,sipa
Empact,promag
Empact,sipa
Empact,laanwj
Empact,MarcoFalke
Empact,achow101
kallewoof,Empact
kallewoof,laanwj
kallewoof,MarcoFalke
ken2812221,theuni
ken2812221,jonasschnelli
ken2812221,fanquake
ken2812221,Empact
ken2812221,Sjors
ken2812221,jnewbery
ken2812221,achow101
achow101,instagibbs
achow101,MeshCollider
achow101,laanwj
achow101,sipa
Empact,promag
Empact,MarcoFalke
skeees,promag
skeees,sipa
skeees,laanwj
skeees,jnewbery
skeees,MarcoFalke
Empact,promag
Empact,sipa
Empact,MarcoFalke
MarcoFalke,laanwj
Empact,MarcoFalke
lucash-dev,laanwj
lucash-dev,MarcoFalke
lucash-dev,achow101
lucash-dev,practicalswift
wodry,rodasmith
wodry,promag
wodry,practicalswift
wodry,sipa
wodry,laanwj
wodry,MarcoFalke
wodry,ken2812221
skeees,promag
skeees,sipa
skeees,laanwj
skeees,MarcoFalke
skeees,practicalswift
skeees,Empact
skeees,jnewbery
wodry,ken2812221
MarcoFalke,luke-jr
MarcoFalke,Empact
MarcoFalke,promag
skeees,practicalswift
MarcoFalke,promag
MarcoFalke,practicalswift
MarcoFalke,jamesob
MarcoFalke,Empact
MarcoFalke,laanwj
MarcoFalke,ken2812221
marcoagner,jonasschnelli
marcoagner,promag
marcoagner,practicalswift
marcoagner,Empact
marcoagner,laanwj
marcoagner,MarcoFalke
theuni,Empact
theuni,laanwj
theuni,sipa
skeees,jamesob
skeees,Empact
skeees,sipa
skeees,MarcoFalke
ken2812221,theuni
ken2812221,MarcoFalke
lucash-dev,Empact
lucash-dev,MarcoFalke
TheBlueMatt,sipa
TheBlueMatt,MarcoFalke
TheBlueMatt,ryanofsky
theuni,sipa
MarcoFalke,promag
MarcoFalke,TheBlueMatt
MarcoFalke,luke-jr
MarcoFalke,sipa
MarcoFalke,laanwj
MarcoFalke,jnewbery
Empact,skeees
Empact,promag
Empact,practicalswift
Empact,laanwj
Empact,MarcoFalke
Empact,qmma70
MarcoFalke,skeees
MarcoFalke,promag
MarcoFalke,practicalswift
MarcoFalke,TheBlueMatt
MarcoFalke,laanwj
MarcoFalke,jnewbery
theuni,Empact
theuni,promag
theuni,laanwj
theuni,MarcoFalke
sipa,theuni
sipa,laanwj
practicalswift,Empact
practicalswift,laanwj
practicalswift,laanwj
ken2812221,laanwj
ken2812221,jnewbery
n2yen,laanwj
n2yen,MarcoFalke
n2yen,ken2812221
n2yen,practicalswift
qmma70,Empact
qmma70,skeees
qmma70,laanwj
sipa,jb55
sipa,promag
sipa,theuni
sipa,Kick1986
sipa,laanwj
sipa,kallewoof
sipa,gmaxwell
sipa,Empact
sipa,DesWurstes
practicalswift,Empact
practicalswift,promag
practicalswift,laanwj
practicalswift,MarcoFalke
MarcoFalke,laanwj
MarcoFalke,jnewbery
practicalswift,laanwj
practicalswift,MarcoFalke
practicalswift,Empact
practicalswift,sipa
marcoagner,promag
marcoagner,harding
marcoagner,luke-jr
marcoagner,Empact
marcoagner,sipa
marcoagner,MarcoFalke
undercoverGod,ccdle12
undercoverGod,promag
undercoverGod,Empact
undercoverGod,giancarloGiuffra
undercoverGod,laanwj
undercoverGod,MarcoFalke
kaplanmaxe,Empact
kaplanmaxe,marcoagner
kaplanmaxe,promag
kaplanmaxe,laanwj
kaplanmaxe,MarcoFalke
eudisd,marcoagner
steverusso,laanwj
steverusso,fanquake
steverusso,MarcoFalke
mess110,Empact
mess110,fanquake
mess110,MarcoFalke
achow101,laanwj
achow101,MarcoFalke
achow101,ken2812221
achow101,fanquake
MarcoFalke,laanwj
giulio92,Empact
giulio92,jonasschnelli
giulio92,laanwj
giulio92,MarcoFalke
giulio92,practicalswift
yuntai,promag
yuntai,sipa
mess110,Empact
mess110,MarcoFalke
jl2012,instagibbs
jl2012,Empact
jl2012,promag
jl2012,Christewart
MarcoFalke,promag
MarcoFalke,pawan17kumar
MarcoFalke,arvidn
MarcoFalke,ryanofsky
MarcoFalke,laanwj
MarcoFalke,lucash-dev
MarcoFalke,Empact
jl2012,Christewart
jl2012,Empact
practicalswift,laanwj
practicalswift,fanquake
practicalswift,grim-trigger
MarcoFalke,mess110
MarcoFalke,fanquake
MarcoFalke,laanwj
MarcoFalke,jnewbery
MarcoFalke,Empact
MarcoFalke,promag
MarcoFalke,practicalswift
MarcoFalke,sipa
lmanners,promag
lmanners,jnewbery
laanwj,promag
laanwj,fanquake
laanwj,Empact
laanwj,sipa
laanwj,MarcoFalke
laanwj,achow101
jl2012,fivepiece
jl2012,instagibbs
jl2012,sipa
MarcoFalke,sipa
MarcoFalke,ken2812221
MarcoFalke,fanquake
fanquake,laanwj
fanquake,MarcoFalke
laanwj,promag
laanwj,jonasschnelli
laanwj,practicalswift
laanwj,sipa
laanwj,MarcoFalke
laanwj,ken2812221
laanwj,achow101
fanquake,laanwj
promag,luke-jr
promag,jamesob
promag,jonasschnelli
promag,laanwj
promag,MarcoFalke
fanquake,laanwj
fanquake,MarcoFalke
eklitzke,kristapsk
eklitzke,jonasschnelli
eklitzke,ryanofsky
eklitzke,laanwj
eklitzke,MarcoFalke
eklitzke,ken2812221
glaksmono,promag
glaksmono,achow101
jhfrontz,kristapsk
jhfrontz,fanquake
jhfrontz,Empact
jhfrontz,laanwj
jhfrontz,ken2812221
jhfrontz,achow101
MarcoFalke,promag
MarcoFalke,jonasschnelli
MarcoFalke,laanwj
MarcoFalke,fanquake
MarcoFalke,achow101
MarcoFalke,jnewbery
MarcoFalke,promag
MarcoFalke,laanwj
MarcoFalke,sipa
MarcoFalke,achow101
FeedTheWeb,jonasschnelli
FeedTheWeb,promag
FeedTheWeb,mruddy
FeedTheWeb,reel
FeedTheWeb,sangaman
FeedTheWeb,laanwj
FeedTheWeb,jmcorgan
FeedTheWeb,practicalswift
laanwj,Empact
laanwj,MarcoFalke
practicalswift,promag
practicalswift,fanquake
practicalswift,Empact
practicalswift,randolf
practicalswift,MarcoFalke
practicalswift,ken2812221
jtimon,instagibbs
jtimon,promag
jtimon,251Labs
jtimon,MarcoFalke
jtimon,ken2812221
jtimon,skeees
jtimon,practicalswift
jtimon,ajtowns
jtimon,Empact
jtimon,sipa
promag,jb55
promag,jonasschnelli
promag,Empact
promag,laanwj
promag,GreatSock
martinus,promag
martinus,laanwj
martinus,MarcoFalke
martinus,lucash-dev
martinus,practicalswift
martinus,fanquake
martinus,Empact
martinus,sipa
achow101,instagibbs
achow101,Empact
achow101,sipa
achow101,Xekyo
theuni,Empact
theuni,sipa
theuni,laanwj
theuni,fanquake
theuni,practicalswift
jimpo,TheBlueMatt
MarcoFalke,Empact
MarcoFalke,jnewbery
Empact,promag
Empact,laanwj
Empact,MarcoFalke
Empact,ken2812221
Empact,practicalswift
MarcoFalke,jamesob
MarcoFalke,Empact
MarcoFalke,mruddy
MarcoFalke,laanwj
MarcoFalke,promag
naumenkogs,instagibbs
naumenkogs,jamesob
naumenkogs,skeees
naumenkogs,jimpo
naumenkogs,sdaftuar
naumenkogs,gmaxwell
naumenkogs,Empact
naumenkogs,sipa
jnewbery,sipa
jnewbery,MarcoFalke
practicalswift,laanwj
practicalswift,fanquake
practicalswift,Empact
practicalswift,laanwj
practicalswift,MarcoFalke
practicalswift,fanquake
KaneoHunter,fanquake
jonasschnelli,laanwj
jonasschnelli,sipa
jonasschnelli,MarcoFalke
Empact,jonasschnelli
Empact,practicalswift
Empact,MarcoFalke
achow101,jonasschnelli
achow101,promag
achow101,Empact
achow101,laanwj
achow101,MarcoFalke
achow101,ken2812221
Empact,practicalswift
Empact,MarcoFalke
Empact,laanwj
brandonrninefive,promag
brandonrninefive,jonasschnelli
brandonrninefive,fanquake
brandonrninefive,marcoagner
brandonrninefive,laanwj
brandonrninefive,MarcoFalke
brandonrninefive,GreatSock
domob1812,sipa
domob1812,Empact
domob1812,promag
domob1812,fanquake
domob1812,GreatSock
MarcoFalke,promag
MarcoFalke,sipa
MarcoFalke,laanwj
MarcoFalke,kallewoof
MarcoFalke,ken2812221
MarcoFalke,practicalswift
MarcoFalke,Empact
MarcoFalke,jnewbery
GreatSock,jonasschnelli
GreatSock,Sjors
GreatSock,promag
GreatSock,MarcoFalke
GreatSock,jonasschnelli
GreatSock,practicalswift
GreatSock,promag
GreatSock,jonasschnelli
GreatSock,promag
jonasschnelli,promag
jonasschnelli,laanwj
jonasschnelli,promag
jonasschnelli,laanwj
jonasschnelli,jnewbery
jonasschnelli,ryanofsky
Empact,promag
Empact,laanwj
Empact,MarcoFalke
Empact,theuni
Empact,sipa
Empact,sdaftuar
Empact,ryanofsky
Empact,sipa
Empact,sdaftuar
Empact,GreatSock
Empact,promag
Empact,sipa
Empact,MarcoFalke
laanwj,Empact
laanwj,jonasschnelli
laanwj,fanquake
GreatSock,kristapsk
GreatSock,mess110
GreatSock,jonasschnelli
GreatSock,Empact
GreatSock,laanwj
GreatSock,MarcoFalke
GreatSock,ken2812221
jonasschnelli,Empact
jonasschnelli,promag
kallewoof,jonasschnelli
kallewoof,promag
kallewoof,practicalswift
kallewoof,Empact
kallewoof,laanwj
kallewoof,sipa
kallewoof,GreatSock
kallewoof,promag
kallewoof,Empact
kallewoof,sipa
kallewoof,laanwj
kallewoof,MarcoFalke
kallewoof,ken2812221
fanquake,promag
fanquake,Varunram
fanquake,practicalswift
fanquake,Empact
fanquake,sipa
fanquake,MarcoFalke
Empact,Sjors
Empact,laanwj
Empact,MarcoFalke
fanquake,laanwj
fanquake,jnewbery
fanquake,MarcoFalke
Empact,jonasschnelli
Empact,promag
Empact,MarcoFalke
Empact,achow101
fanquake,jonasschnelli
fanquake,promag
fanquake,TheBlueMatt
fanquake,luke-jr
fanquake,MarcoFalke
fanquake,GreatSock
pstratem,skeees
pstratem,fanquake
pstratem,Empact
pstratem,sipa
pstratem,MarcoFalke
practicalswift,theuni
practicalswift,promag
practicalswift,Empact
practicalswift,sipa
practicalswift,MarcoFalke
practicalswift,ken2812221
mess110,sipa
mess110,jonasschnelli
mess110,laanwj
mess110,MarcoFalke
mess110,promag
skeees,Empact
skeees,jamesob
skeees,TheBlueMatt
ken2812221,promag
ken2812221,laanwj
ken2812221,fanquake
ken2812221,MarcoFalke
jimpo,jamesob
jimpo,promag
jimpo,laanwj
jimpo,sipa
kallewoof,Empact
kallewoof,sipa
Empact,promag
Empact,practicalswift
Empact,sipa
Empact,MarcoFalke
Empact,ken2812221
Empact,promag
Empact,practicalswift
Empact,sipa
Empact,MarcoFalke
ken2812221,Empact
ken2812221,promag
ken2812221,practicalswift
ken2812221,MarcoFalke
Empact,jonasschnelli
Empact,promag
Empact,laanwj
Empact,MarcoFalke
Empact,ken2812221
Empact,practicalswift
Empact,fanquake
Empact,sipa
Empact,promag
Empact,practicalswift
Empact,sipa
Empact,fanquake
TheBlueMatt,gmaxwell
TheBlueMatt,promag
TheBlueMatt,MarcoFalke
practicalswift,laanwj
practicalswift,promag
practicalswift,Empact
practicalswift,sipa
practicalswift,laanwj
practicalswift,MarcoFalke
practicalswift,ken2812221
jonasschnelli,Empact
jonasschnelli,fanquake
sipa,Empact
sipa,promag
sipa,practicalswift
sipa,fanquake
sipa,ken2812221
Empact,achow101
Empact,qmma70
Empact,achow101
jbampton,kanzure
jbampton,MarcoFalke
MarcoFalke,promag
MarcoFalke,practicalswift
MarcoFalke,TheBlueMatt
MarcoFalke,jamesob
MarcoFalke,laanwj
MarcoFalke,sipa
marcoagner,promag
marcoagner,jonasschnelli
marcoagner,practicalswift
marcoagner,TheCaat
marcoagner,sipa
marcoagner,MarcoFalke
ken2812221,theuni
ken2812221,promag
ken2812221,jamesob
ken2812221,sipa
ken2812221,laanwj
ken2812221,jnewbery
ken2812221,MarcoFalke
practicalswift,ken2812221
lmanners,sipa
lmanners,mruddy
lmanners,MarcoFalke
lmanners,achow101
lmanners,promag
laanwj,skeees
laanwj,ken2812221
jbampton,promag
jbampton,practicalswift
jbampton,MarcoFalke
jbampton,laanwj
glaksmono,jonasschnelli
glaksmono,practicalswift
kallewoof,promag
kallewoof,sipa
jnewbery,laanwj
jnewbery,MarcoFalke
JeremyRubin,jimpo
TheBlueMatt,theuni
TheBlueMatt,luke-jr
TheBlueMatt,gmaxwell
TheBlueMatt,laanwj
TheBlueMatt,sipa
martinus,sipa
sdaftuar,jnewbery
sdaftuar,laanwj
sdaftuar,MarcoFalke
jamesob,promag
jamesob,donaloconnor
jamesob,MarcoFalke
jamesob,skeees
jamesob,practicalswift
jamesob,gmaxwell
jamesob,jnewbery
sdaftuar,laanwj
sdaftuar,sipa
sdaftuar,TheBlueMatt
sdaftuar,fanquake
sdaftuar,promag
sdaftuar,laanwj
sdaftuar,MarcoFalke
kallewoof,promag
kallewoof,laanwj
kallewoof,jnewbery
glaksmono,fanquake
ken2812221,laanwj
ken2812221,fanquake
sipa,instagibbs
sipa,jonasschnelli
sipa,promag
sipa,laanwj
sipa,jl2012
sipa,gmaxwell
sipa,Empact
sipa,jtimon
promag,andreip
promag,MarcoFalke
lmanners,laanwj
lmanners,jnewbery
lmanners,MarcoFalke
sipa,kristapsk
sipa,theuni
sipa,Kick1986
sipa,laanwj
sipa,droark
sipa,gmaxwell
sipa,Empact
sipa,DesWurstes
achow101,promag
achow101,sipa
achow101,MeshCollider
achow101,laanwj
achow101,jnewbery
achow101,MarcoFalke
promag,MarcoFalke
MarcoFalke,laanwj
MarcoFalke,jnewbery
MarcoFalke,fanquake
skeees,laanwj
skeees,sipa
skeees,MarcoFalke
sipa,jamesob
sipa,jonasschnelli
sipa,laanwj
sipa,sdaftuar
harding,practicalswift
harding,sipa
harding,MarcoFalke
glaksmono,practicalswift
glaksmono,sipa
glaksmono,MarcoFalke
glaksmono,ken2812221
donaloconnor,promag
donaloconnor,practicalswift
donaloconnor,sipa
donaloconnor,MarcoFalke
ken2812221,theuni
ken2812221,Sjors
ken2812221,laanwj
martinus,gmaxwell
martinus,Empact
martinus,sipa
martinus,laanwj
martinus,jimpo
ken2812221,theuni
ken2812221,jonasschnelli
ken2812221,fanquake
ken2812221,luke-jr
ken2812221,Sjors
ken2812221,laanwj
ken2812221,MarcoFalke
jamesob,skeees
jamesob,theuni
jamesob,TheBlueMatt
jamesob,ryanofsky
jamesob,sipa
jamesob,jnewbery
jamesob,MarcoFalke
martinus,achow101
fanquake,jamesob
fanquake,MeshCollider
fanquake,laanwj
fanquake,sdaftuar
practicalswift,promag
practicalswift,fanquake
practicalswift,Empact
practicalswift,sipa
practicalswift,laanwj
practicalswift,MarcoFalke
jnewbery,Empact
jnewbery,laanwj
jnewbery,practicalswift
jnewbery,MarcoFalke
jnewbery,sdaftuar
real-or-random,hbxia
real-or-random,fanquake
real-or-random,ryanofsky
real-or-random,jamesob
real-or-random,laanwj
real-or-random,sipa
promag,MeshCollider
promag,laanwj
promag,MarcoFalke
practicalswift,ajtowns
practicalswift,laanwj
practicalswift,MarcoFalke
marcoagner,jonasschnelli
marcoagner,laanwj
marcoagner,MarcoFalke
laanwj,MarcoFalke
ryanofsky,promag
ryanofsky,laanwj
ryanofsky,fanquake
ryanofsky,MarcoFalke
ryanofsky,practicalswift
laanwj,jonasschnelli
laanwj,MarcoFalke
laanwj,promag
chris-belcher,jonasschnelli
chris-belcher,promag
chris-belcher,sipa
chris-belcher,laanwj
chris-belcher,MarcoFalke
chris-belcher,MasterGrad17
chris-belcher,ajtowns
chris-belcher,jnewbery
laanwj,jonasschnelli
laanwj,promag
laanwj,TheBlueMatt
laanwj,gmaxwell
laanwj,sipa
laanwj,MarcoFalke
practicalswift,jonasschnelli
practicalswift,laanwj
practicalswift,ajtowns
practicalswift,promag
practicalswift,laanwj
laanwj,jonasschnelli
laanwj,practicalswift
laanwj,MeshCollider
winder,laanwj
winder,MarcoFalke
winder,practicalswift
jimpo,jb55
jimpo,promag
jimpo,fanquake
sipa,jimpo
sipa,theuni
sipa,promag
sipa,gmaxwell
sipa,Empact
sipa,MeshCollider
sipa,laanwj
marcoagner,promag
marcoagner,fanquake
jnewbery,MarcoFalke
laanwj,luke-jr
laanwj,flack
laanwj,MeshCollider
laanwj,practicalswift
laanwj,MarcoFalke
jnewbery,MarcoFalke
laanwj,morcos
laanwj,jonasschnelli
laanwj,sdaftuar
laanwj,gmaxwell
laanwj,sipa
laanwj,jnewbery
laanwj,MarcoFalke
ken2812221,laanwj
ken2812221,fanquake
ken2812221,MarcoFalke
ken2812221,jonasschnelli
ken2812221,donaloconnor
ken2812221,laanwj
ken2812221,fanquake
jnewbery,MarcoFalke
practicalswift,Empact
practicalswift,MarcoFalke
practicalswift,dbiovaler19
practicalswift,sipa
practicalswift,MarcoFalke
mryandao,promag
mryandao,fanquake
practicalswift,Empact
practicalswift,MarcoFalke
dbolser,theuni
dbolser,laanwj
dbolser,fanquake
dbolser,practicalswift
MarcoFalke,jimpo
MarcoFalke,practicalswift
MarcoFalke,sdaftuar
MarcoFalke,MeshCollider
MarcoFalke,laanwj
MarcoFalke,jnewbery
MarcoFalke,Empact
MarcoFalke,jonasschnelli
MarcoFalke,practicalswift
MarcoFalke,fanquake
MarcoFalke,laanwj
Linrono,laanwj
practicalswift,laanwj
practicalswift,MarcoFalke
practicalswift,laanwj
practicalswift,MarcoFalke
practicalswift,laanwj
practicalswift,MarcoFalke
achow101,jnewbery
achow101,jonasschnelli
achow101,promag
achow101,MeshCollider
achow101,laanwj
achow101,MarcoFalke
achow101,Sjors
achow101,sipa
promag,jonasschnelli
promag,ken2812221
promag,ryanofsky
promag,laanwj
promag,jnewbery
promag,PierreRochard
promag,achow101
mryandao,jonasschnelli
mryandao,laanwj
mryandao,fanquake
mryandao,MarcoFalke
ken2812221,laanwj
TheBlueMatt,jimpo
TheBlueMatt,laanwj
TheBlueMatt,sipa
jamesob,theuni
jamesob,laanwj
jamesob,MarcoFalke
jamesob,practicalswift
promag,ryanofsky
promag,MeshCollider
promag,MarcoFalke
promag,ken2812221
promag,PierreRochard
promag,youmind
promag,Empact
promag,Sjors
promag,jnewbery
jamesob,skeees
jamesob,theuni
jamesob,promag
jamesob,practicalswift
jamesob,TheBlueMatt
jamesob,sipa
jamesob,conscott
MarcoFalke,jonasschnelli
MarcoFalke,TheBlueMatt
MarcoFalke,ryanofsky
MarcoFalke,laanwj
MarcoFalke,practicalswift
MarcoFalke,sdaftuar
MarcoFalke,gmaxwell
MarcoFalke,sipa
promag,mess110
promag,jonasschnelli
promag,jnewbery
promag,ken2812221
promag,MeshCollider
jl2012,laanwj
jl2012,sipa
jl2012,MarcoFalke
jl2012,fanquake
fanquake,laanwj
fanquake,MarcoFalke
ken2812221,theuni
ken2812221,laanwj
fanquake,Sjors
fanquake,murrayn
fanquake,ken2812221
fanquake,laanwj
laanwj,practicalswift
laanwj,fanquake
laanwj,jtimon
laanwj,sipa
laanwj,MarcoFalke
laanwj,achow101
ajtowns,promag
ajtowns,MarcoFalke
sipa,fivepiece
sipa,fanquake
sipa,laanwj
sipa,MarcoFalke
practicalswift,MarcoFalke
practicalswift,ryanofsky
kristapsk,Empact
practicalswift,MarcoFalke
practicalswift,TheBlueMatt
practicalswift,MarcoFalke
practicalswift,TheBlueMatt
Empact,skeees
Empact,jonasschnelli
Empact,promag
Empact,TheBlueMatt
Empact,laanwj
Empact,MarcoFalke
practicalswift,MarcoFalke
practicalswift,TheBlueMatt
Empact,ryanofsky
Empact,jonasschnelli
Empact,MarcoFalke
Empact,promag
jnewbery,sipa
jnewbery,jonasschnelli
jnewbery,laanwj
jnewbery,MarcoFalke
jnewbery,MeshCollider
jnewbery,jonasschnelli
jnewbery,MarcoFalke
jnewbery,promag
laanwj,MarcoFalke
ajtowns,instagibbs
ajtowns,jonasschnelli
ajtowns,luke-jr
ajtowns,laanwj
ajtowns,sipa
ajtowns,achow101
laanwj,MarcoFalke
promag,ryanofsky
practicalswift,laanwj
practicalswift,paveljanik
practicalswift,MarcoFalke
practicalswift,Empact
practicalswift,laanwj
ccdle12,MarcoFalke
ken2812221,jonasschnelli
ken2812221,TheBlueMatt
ken2812221,ryanofsky
ken2812221,sipa
ken2812221,laanwj
ken2812221,jnewbery
ken2812221,MarcoFalke
sipa,laanwj
sipa,MarcoFalke
sipa,fanquake
promag,jimpo
promag,Empact
promag,jonasschnelli
promag,MarcoFalke
promag,jnewbery
sipa,jb55
sipa,promag
sipa,theuni
sipa,martinus
sipa,TheBlueMatt
sipa,ryanofsky
sipa,laanwj
sipa,achow101
bmwiedemann,laanwj
bmwiedemann,MarcoFalke
bmwiedemann,practicalswift
jnewbery,promag
jnewbery,laanwj
jnewbery,MarcoFalke
jnewbery,ryanofsky
jnewbery,jimpo
jnewbery,jonasschnelli
jnewbery,MarcoFalke
jnewbery,ken2812221
jnewbery,promag
instagibbs,Empact
instagibbs,laanwj
nixbox,jnewbery
nixbox,laanwj
nixbox,MarcoFalke
laanwj,jonasschnelli
laanwj,jnewbery
laanwj,MarcoFalke
laanwj,rikur
practicalswift,jamesob
practicalswift,JeremyRubin
practicalswift,laanwj
practicalswift,kallewoof
practicalswift,MarcoFalke
practicalswift,ken2812221
practicalswift,sipa
practicalswift,sdaftuar
practicalswift,Empact
practicalswift,jnewbery
practicalswift,Empact
MarcoFalke,laanwj
lucash-dev,laanwj
lucash-dev,MarcoFalke
MarcoFalke,laanwj
MarcoFalke,sdaftuar
jnewbery,PierreRochard
jnewbery,Empact
jnewbery,practicalswift
skeees,jnewbery
instagibbs,rebroad
instagibbs,Empact
instagibbs,practicalswift
instagibbs,TheBlueMatt
Sjors,mess110
Sjors,jonasschnelli
Sjors,harding
Sjors,luke-jr
Sjors,laanwj
Sjors,MarcoFalke
Sjors,ken2812221
qshuai,jonasschnelli
qshuai,MarcoFalke
qshuai,sdaftuar
practicalswift,cnavigato
practicalswift,Empact
practicalswift,laanwj
practicalswift,ken2812221
laanwj,jonasschnelli
laanwj,theuni
laanwj,practicalswift
promag,skeees
promag,ryanofsky
promag,TheSamHughes
promag,jnewbery
promag,ken2812221
jimpo,jamesob
jimpo,Sjors
jimpo,sipa
jimpo,promag
kristapsk,Empact
kristapsk,laanwj
kristapsk,MarcoFalke
sipsorcery,theuni
sipsorcery,laanwj
jnewbery,laanwj
jnewbery,MarcoFalke
Sjors,jonasschnelli
Sjors,laanwj
Sjors,MarcoFalke
promag,jonasschnelli
promag,practicalswift
promag,jnewbery
promag,MarcoFalke
promag,practicalswift
promag,ryanofsky
tjps,practicalswift
tjps,MarcoFalke
tjps,laanwj
tjps,ryanofsky
ken2812221,jnewbery
ken2812221,kanzure
ken2812221,MarcoFalke
ken2812221,laanwj
ken2812221,cdecker
skeees,TheBlueMatt
skeees,ryanofsky
skeees,jamesob
skeees,laanwj
skeees,MarcoFalke
skeees,fanquake
skeees,sdaftuar
skeees,Empact
skeees,sipa
jamesob,Empact
jamesob,skeees
jamesob,conscott
jimpo,Empact
jimpo,ajtowns
jimpo,sipa
jimpo,MarcoFalke
Empact,jonasschnelli
Empact,practicalswift
Empact,laanwj
Empact,MarcoFalke
Empact,MarcoFalke
promag,jnewbery
promag,kallewoof
promag,practicalswift
promag,luke-jr
promag,Empact
promag,laanwj
promag,MarcoFalke
Empact,promag
Empact,practicalswift
Empact,laanwj
jonasschnelli,luke-jr
jonasschnelli,Empact
jonasschnelli,Sjors
jonasschnelli,promag
jonasschnelli,TheBlueMatt
MarcoFalke,laanwj
jamesob,laanwj
jamesob,conscott
jamesob,practicalswift
MarcoFalke,danielsam
MarcoFalke,promag
MarcoFalke,TheBlueMatt
MarcoFalke,ryanofsky
MarcoFalke,jamesob
MarcoFalke,laanwj
MarcoFalke,jimpo
MarcoFalke,practicalswift
MarcoFalke,sdaftuar
MarcoFalke,sipa
wbarobinson,Empact
wbarobinson,jnewbery
wbarobinson,practicalswift
wbarobinson,MarcoFalke
wbarobinson,fanquake
IPGlider,promag
IPGlider,luke-jr
IPGlider,laanwj
IPGlider,MarcoFalke
IPGlider,fanquake
IPGlider,Empact
IPGlider,jnewbery
promag,MarcoFalke
practicalswift,theuni
practicalswift,fanquake
practicalswift,ryanofsky
practicalswift,luke-jr
practicalswift,eklitzke
practicalswift,laanwj
practicalswift,instagibbs
practicalswift,jimpo
practicalswift,laanwj
practicalswift,MarcoFalke
practicalswift,fanquake
MarcoFalke,jamesob
MarcoFalke,practicalswift
MarcoFalke,laanwj
MarcoFalke,ryanofsky
sipa,jimpo
sipa,promag
sipa,laanwj
ken2812221,jonasschnelli
ken2812221,laanwj
ken2812221,fanquake
TheBlueMatt,theuni
TheBlueMatt,laanwj
TheBlueMatt,MarcoFalke
TheBlueMatt,fanquake
MarcoFalke,laanwj
MarcoFalke,ken2812221
practicalswift,jnewbery
practicalswift,Empact
practicalswift,jnewbery
practicalswift,laanwj
practicalswift,MarcoFalke
practicalswift,cdecker
PierreRochard,jnewbery
PierreRochard,251Labs
PierreRochard,laanwj
PierreRochard,MarcoFalke
PierreRochard,jimpo
PierreRochard,skeees
PierreRochard,jtimon
PierreRochard,Empact
PierreRochard,sipa
PierreRochard,achow101
Empact,practicalswift
Empact,jnewbery
MarcoFalke,laanwj
MarcoFalke,fanquake
skeees,promag
skeees,TheBlueMatt
skeees,ryanofsky
skeees,sdaftuar
skeees,laanwj
skeees,jnewbery
practicalswift,jnewbery
practicalswift,MarcoFalke
practicalswift,fanquake
okayplanet,Empact
okayplanet,practicalswift
okayplanet,fanquake
JeremyRand,Michagogo
JeremyRand,jonasschnelli
JeremyRand,laanwj
JeremyRand,fanquake
JeremyRand,ken2812221
practicalswift,jnewbery
instagibbs,jonasschnelli
instagibbs,sipa
ryanofsky,Empact
ryanofsky,jnewbery
ryanofsky,promag
ryanofsky,practicalswift
ryanofsky,MarcoFalke
jnewbery,laanwj
jonasschnelli,Empact
jonasschnelli,251Labs
jonasschnelli,promag
TheBlueMatt,ryanofsky
TheBlueMatt,sipa
TheBlueMatt,laanwj
TheBlueMatt,MarcoFalke
TheBlueMatt,jimpo
TheBlueMatt,practicalswift
TheBlueMatt,sdaftuar
TheBlueMatt,ajtowns
TheBlueMatt,Empact
TheBlueMatt,jnewbery
promag,jnewbery
promag,practicalswift
promag,MarcoFalke
promag,laanwj
Empact,skeees
Empact,practicalswift
sipa,jonasschnelli
sipa,theuni
sipa,sipsorcery
sipa,practicalswift
sipa,laanwj
sipa,ken2812221
ken2812221,Empact
ken2812221,practicalswift
ken2812221,jnewbery
ken2812221,MarcoFalke
TheCharlatan,jonasschnelli
TheCharlatan,theuni
TheCharlatan,laanwj
TheCharlatan,MarcoFalke
TheCharlatan,ken2812221
TheCharlatan,fanquake
TheCharlatan,Sjors
theuni,jimpo
theuni,practicalswift
theuni,fanquake
theuni,sipa
theuni,laanwj
theuni,MarcoFalke
Empact,jimpo
Empact,promag
Empact,practicalswift
Empact,ajtowns
Empact,sipa
Empact,laanwj
Empact,MarcoFalke
fanquake,sdaftuar
fanquake,Michagogo
fanquake,laanwj
fanquake,MarcoFalke
fanquake,ken2812221
kallewoof,Empact
kallewoof,sdaftuar
jonasschnelli,JeremyRubin
jonasschnelli,promag
practicalswift,ajtowns
practicalswift,Empact
practicalswift,kallewoof
practicalswift,MarcoFalke
practicalswift,ken2812221
MarcoFalke,practicalswift
MarcoFalke,sipa
MarcoFalke,laanwj
MarcoFalke,ryanofsky
MarcoFalke,practicalswift
jimpo,jamesob
jimpo,Empact
jimpo,sipa
jimpo,laanwj
jimpo,jnewbery
jimpo,MarcoFalke
jnewbery,promag
jnewbery,laanwj
jnewbery,kallewoof
jamesob,jimpo
jamesob,jnewbery
jamesob,promag
jamesob,fanquake
jamesob,sdaftuar
jamesob,sipa
jamesob,MarcoFalke
MarcoFalke,promag
MarcoFalke,laanwj
MarcoFalke,promag
instagibbs,jnewbery
instagibbs,practicalswift
instagibbs,jtimon
instagibbs,MarcoFalke
fanquake,Sjors
fanquake,practicalswift
instagibbs,jonasschnelli
instagibbs,achow101
Empact,practicalswift
Empact,MarcoFalke
Empact,laanwj
jonasschnelli,Empact
jonasschnelli,promag
jonasschnelli,laanwj
jonasschnelli,kallewoof
jonasschnelli,fanquake
Empact,laanwj
Empact,sipa
Empact,practicalswift
Empact,jnewbery
Empact,MarcoFalke
Empact,jimpo
Empact,promag
Empact,laanwj
Empact,sdaftuar
Empact,practicalswift
Empact,randolf
Empact,laanwj
Empact,MarcoFalke
Empact,sdaftuar
MarcoFalke,Empact
MarcoFalke,skeees
MarcoFalke,ryanofsky
skeees,instagibbs
skeees,promag
skeees,fanquake
skeees,TheBlueMatt
skeees,ryanofsky
skeees,jamesob
MarcoFalke,jnewbery
MarcoFalke,ryanofsky
MarcoFalke,laanwj
MarcoFalke,kallewoof
MarcoFalke,skeees
MarcoFalke,practicalswift
MarcoFalke,randolf
MarcoFalke,sipa
laanwj,promag
laanwj,practicalswift
ajtowns,jnewbery
ajtowns,theuni
ajtowns,practicalswift
ajtowns,jamesob
ajtowns,laanwj
ajtowns,kallewoof
ajtowns,MarcoFalke
conscott,jnewbery
conscott,MarcoFalke
promag,instagibbs
promag,practicalswift
promag,fanquake
promag,ryanofsky
promag,Empact
promag,jnewbery
practicalswift,jonasschnelli
practicalswift,laanwj
practicalswift,MarcoFalke
practicalswift,promag
trulex,practicalswift
sipa,theuni
sipa,jonasschnelli
sipa,kallewoof
sipa,practicalswift
sipa,jamesob
sipa,laanwj
sipa,MarcoFalke
jonasschnelli,promag
jonasschnelli,practicalswift
jonasschnelli,Empact
jonasschnelli,laanwj
jonasschnelli,kallewoof
jonasschnelli,MarcoFalke
jnewbery,jonasschnelli
jnewbery,laanwj
jnewbery,MarcoFalke
jnewbery,achow101
jnewbery,practicalswift
laanwj,ajtowns
laanwj,promag
laanwj,sidhujag
laanwj,MarcoFalke
laanwj,practicalswift
Empact,laanwj
kallewoof,jonasschnelli
kallewoof,practicalswift
kallewoof,MarcoFalke
kallewoof,Empact
kallewoof,promag
kallewoof,laanwj
kallewoof,practicalswift
MarcoFalke,laanwj
sipa,promag
sipa,laanwj
practicalswift,MarcoFalke
murrayn,laanwj
murrayn,MarcoFalke
kallewoof,NicolasDorier
kallewoof,promag
kallewoof,sipa
kallewoof,achow101
MarcoFalke,jonasschnelli
MarcoFalke,promag
MarcoFalke,laanwj
MarcoFalke,jnewbery
MarcoFalke,ryanofsky
ryanofsky,laanwj
ryanofsky,MarcoFalke
ryanofsky,ken2812221
sdaftuar,jonasschnelli
sdaftuar,promag
sdaftuar,sipa
sdaftuar,laanwj
sdaftuar,MarcoFalke
sdaftuar,PierreRochard
sdaftuar,jnewbery
sdaftuar,jonasschnelli
sdaftuar,laanwj
sdaftuar,MarcoFalke
sdaftuar,promag
sdaftuar,laanwj
sdaftuar,jnewbery
sdaftuar,MarcoFalke
practicalswift,laanwj
practicalswift,fanquake
AkioNak,theuni
AkioNak,jonasschnelli
AkioNak,fanquake
AkioNak,251Labs
AkioNak,laanwj
AkioNak,kallewoof
lachlangreenbank,Empact
practicalswift,promag
practicalswift,TheBlueMatt
practicalswift,promag
practicalswift,laanwj
practicalswift,MarcoFalke
practicalswift,laanwj
practicalswift,MarcoFalke
MarcoFalke,practicalswift
jnewbery,promag
jnewbery,jonasschnelli
jnewbery,ryanofsky
jnewbery,jamesob
jnewbery,laanwj
jnewbery,MarcoFalke
jnewbery,PierreRochard
jnewbery,laanwj
jnewbery,MarcoFalke
jnewbery,practicalswift
instagibbs,Empact
instagibbs,promag
instagibbs,laanwj
instagibbs,practicalswift
jnewbery,jamesob
jnewbery,Empact
jnewbery,laanwj
jnewbery,MarcoFalke
jnewbery,fanquake
sipa,promag
sipa,theuni
sipa,jonasschnelli
sipa,practicalswift
sipa,ryanofsky
sipa,Empact
sipa,laanwj
sipa,Empact
sipa,ajtowns
sipa,promag
sipa,MarcoFalke
practicalswift,sipa
practicalswift,MarcoFalke
practicalswift,fanquake
murrayn,promag
murrayn,practicalswift
murrayn,fanquake
murrayn,sipa
murrayn,laanwj
murrayn,MarcoFalke
kallewoof,promag
kallewoof,practicalswift
kallewoof,ryanofsky
kallewoof,sipa
kallewoof,laanwj
kallewoof,MarcoFalke
ajtowns,theuni
ajtowns,jonasschnelli
ajtowns,MeshCollider
ajtowns,MarcoFalke
ajtowns,jtimon
ajtowns,jimpo
ajtowns,Empact
ajtowns,jnewbery
knoxcard,fanquake
knoxcard,sipa
knoxcard,laanwj
knoxcard,CryptoPietje
knoxcard,practicalswift
sipa,instagibbs
sipa,jonasschnelli
jamesob,laanwj
jamesob,MarcoFalke
jamesob,conscott
jamesob,practicalswift
jamesob,fanquake
jamesob,Sjors
jamesob,jnewbery
practicalswift,jamesob
practicalswift,laanwj
practicalswift,kallewoof
practicalswift,MarcoFalke
Sjors,sipa
Sjors,jamesob
Sjors,theuni
Sjors,MarcoFalke
Sjors,promag
kallewoof,instagibbs
kallewoof,jonasschnelli
kallewoof,fanquake
kallewoof,Janaka-Steph
kallewoof,sipa
kallewoof,MarcoFalke
kallewoof,Oolanla8888
GabrielDav,RHavar
GabrielDav,MarcoFalke
GabrielDav,laanwj
jnewbery,jamesob
jnewbery,ajtowns
jnewbery,MeshCollider
jnewbery,MarcoFalke
MarcoFalke,promag
MarcoFalke,laanwj
MarcoFalke,jnewbery
luke-jr,sipa
luke-jr,randolf
luke-jr,promag
luke-jr,practicalswift
luke-jr,fanquake
ken2812221,laanwj
WillAyd,jnewbery
WillAyd,laanwj
WillAyd,kallewoof
WillAyd,MarcoFalke
WillAyd,practicalswift
tjps,sipa
tjps,theuni
tjps,laanwj
tjps,fanquake
tjps,practicalswift
luke-jr,Sjors
luke-jr,laanwj
MarcoFalke,jnewbery
MarcoFalke,petertodd
MarcoFalke,laanwj
MarcoFalke,conscott
MarcoFalke,practicalswift
MarcoFalke,laanwj
buddilla,laanwj
buddilla,fanquake
ccdle12,jnewbery
ccdle12,MarcoFalke
Empact,promag
Empact,jnewbery
Empact,MarcoFalke
Empact,ryanofsky
moneyball,Christewart
moneyball,promag
moneyball,jnewbery
moneyball,MarcoFalke
jnewbery,jamesob
jnewbery,Empact
jnewbery,promag
jnewbery,MarcoFalke
promag,luke-jr
promag,ajtowns
promag,sipa
promag,laanwj
promag,MarcoFalke
promag,conscott
laanwj,MarcoFalke
joemphilips,promag
promag,instagibbs
promag,jamesob
promag,jnewbery
promag,PierreRochard
Sjors,jonasschnelli
Sjors,laanwj
MarcoFalke,practicalswift
MarcoFalke,sipa
MarcoFalke,conscott
jamesob,jimpo
jamesob,jonasschnelli
jamesob,promag
jamesob,ryanofsky
jamesob,laanwj
jamesob,jnewbery
jnewbery,jamesob
jnewbery,hkjn
jnewbery,practicalswift
matthias-g,laanwj
matthias-g,MarcoFalke
conscott,fanquake
eklitzke,promag
eklitzke,laanwj
eklitzke,MarcoFalke
eklitzke,fanquake
MarcoFalke,instagibbs
MarcoFalke,practicalswift
MarcoFalke,ajtowns
MarcoFalke,MeshCollider
MarcoFalke,laanwj
MarcoFalke,jnewbery
TheBlueMatt,petertodd
TheBlueMatt,laanwj
MarcoFalke,promag
MarcoFalke,fanquake
MarcoFalke,ajtowns
MarcoFalke,MeshCollider
MarcoFalke,jnewbery
MarcoFalke,conscott
MarcoFalke,ajtowns
MarcoFalke,MeshCollider
MarcoFalke,jnewbery
Sjors,jonasschnelli
Sjors,promag
Sjors,MeshCollider
Sjors,MarcoFalke
Sjors,ken2812221
murrayn,laanwj
Empact,ajtowns
Empact,laanwj
Empact,jnewbery
Empact,conscott
Empact,ryanofsky
laanwj,jnewbery
laanwj,MarcoFalke
romanz,jnewbery
romanz,MarcoFalke
murrayn,randolf
MarcoFalke,ajtowns
MarcoFalke,Sjors
jnewbery,promag
jnewbery,laanwj
jnewbery,MarcoFalke
jnewbery,conscott
jnewbery,MeshCollider
sipa,instagibbs
sipa,promag
sipa,ryanofsky
sipa,Empact
sipa,laanwj
sipa,jtimon
TheBlueMatt,jimpo
TheBlueMatt,Empact
TheBlueMatt,promag
TheBlueMatt,sipa
TheBlueMatt,jnewbery
skeees,luke-jr
skeees,jamesob
skeees,promag
skeees,jnewbery
skeees,ryanofsky
practicalswift,laanwj
practicalswift,MarcoFalke
MarcoFalke,Christewart
MarcoFalke,laanwj
MarcoFalke,fanquake
MarcoFalke,promag
MarcoFalke,practicalswift
MarcoFalke,fanquake
instagibbs,promag
instagibbs,jonasschnelli
instagibbs,ryanofsky
instagibbs,luke-jr
instagibbs,jamesob
instagibbs,MarcoFalke
instagibbs,practicalswift
instagibbs,Sjors
instagibbs,jnewbery
MarcoFalke,laanwj
MarcoFalke,fanquake
skeees,luke-jr
skeees,promag
skeees,laanwj
skeees,MarcoFalke
TheBlueMatt,promag
TheBlueMatt,jonasschnelli
TheBlueMatt,luke-jr
TheBlueMatt,jamesob
TheBlueMatt,sipa
TheBlueMatt,laanwj
TheBlueMatt,MarcoFalke
TheBlueMatt,preminem
TheBlueMatt,practicalswift
TheBlueMatt,jnewbery
conscott,jnewbery
conscott,promag
conscott,fanquake
conscott,ajtowns
conscott,laanwj
conscott,MarcoFalke
practicalswift,jonasschnelli
practicalswift,sipa
practicalswift,MarcoFalke
kallewoof,laanwj
practicalswift,sipa
practicalswift,promag
practicalswift,jnewbery
practicalswift,MarcoFalke
practicalswift,achow101
practicalswift,jonasschnelli
practicalswift,laanwj
practicalswift,MarcoFalke
practicalswift,promag
practicalswift,eklitzke
practicalswift,MarcoFalke
practicalswift,laanwj
practicalswift,fanquake
krab,theuni
krab,jonasschnelli
krab,luke-jr
krab,laanwj
krab,practicalswift
krab,fanquake
krab,Empact
krab,Sjors
practicalswift,promag
practicalswift,Empact
practicalswift,ken2812221
practicalswift,Empact
practicalswift,promag
practicalswift,MarcoFalke
practicalswift,promag
practicalswift,fanquake
GabrielDav,sipa
GabrielDav,jonasschnelli
GabrielDav,laanwj
GabrielDav,jnewbery
Christewart,fanquake
Christewart,laanwj
Christewart,MarcoFalke
Christewart,randolf
Christewart,practicalswift
jakubtrnka,luke-jr
jakubtrnka,sipa
jakubtrnka,laanwj
jakubtrnka,kallewoof
jnewbery,fanquake
jnewbery,kallewoof
jnewbery,MarcoFalke
jnewbery,ryanofsky
practicalswift,JeremyRubin
practicalswift,promag
practicalswift,donaloconnor
practicalswift,MarcoFalke
practicalswift,fanquake
practicalswift,instagibbs
practicalswift,hkjn
practicalswift,laanwj
practicalswift,sipa
romanz,laanwj
romanz,jnewbery
Empact,ajtowns
Empact,MarcoFalke
Empact,ryanofsky
conscott,instagibbs
conscott,jnewbery
conscott,luke-jr
conscott,laanwj
conscott,MarcoFalke
JeremyRubin,instagibbs
JeremyRubin,gmaxwell
JeremyRubin,jonasschnelli
JeremyRubin,promag
JeremyRubin,sipa
JeremyRubin,eklitzke
JeremyRubin,kallewoof
JeremyRubin,MarcoFalke
JeremyRubin,laanwj
JeremyRubin,jimpo
JeremyRubin,RHavar
JeremyRubin,NicolasDorier
JeremyRubin,randolf
JeremyRubin,jnewbery
promag,Empact
promag,laanwj
promag,sipa
jimpo,instagibbs
jimpo,hkjn
jimpo,fanquake
jimpo,MarcoFalke
jimpo,PierreRochard
jimpo,achow101
eklitzke,hkjn
eklitzke,promag
eklitzke,MeshCollider
eklitzke,MarcoFalke
eklitzke,jimpo
eklitzke,practicalswift
eklitzke,fanquake
eklitzke,jnewbery
practicalswift,promag
practicalswift,eklitzke
practicalswift,sipa
jnewbery,instagibbs
jnewbery,hkjn
jnewbery,promag
jnewbery,laanwj
jnewbery,MarcoFalke
jnewbery,practicalswift
jnewbery,fanquake
jnewbery,ajtowns
jnewbery,sipa
jnewbery,achow101
jnewbery,annanay25
jnewbery,kallewoof
jnewbery,MarcoFalke
jnewbery,laanwj
sipa,Empact
sipa,laanwj
donaloconnor,sipa
donaloconnor,MarcoFalke
instagibbs,morcos
instagibbs,laanwj
instagibbs,Xekyo
instagibbs,sdaftuar
instagibbs,achow101
practicalswift,hkjn
practicalswift,sipa
practicalswift,jnewbery
practicalswift,fanquake
practicalswift,jnewbery
practicalswift,fanquake
Empact,murrayn
eklitzke,theuni
eklitzke,promag
eklitzke,ryanofsky
eklitzke,luke-jr
eklitzke,laanwj
eklitzke,MarcoFalke
eklitzke,ken2812221
eklitzke,practicalswift
eklitzke,Empact
eklitzke,Sjors
eklitzke,jnewbery
sipa,luke-jr
sipa,promag
sipa,practicalswift
sipa,jnewbery
sipa,ryanofsky
sipa,instagibbs
sipa,practicalswift
sipa,MarcoFalke
sipa,dcousens
sipa,eklitzke
sipa,laanwj
sipa,ryanofsky
pedrobranco,luke-jr
pedrobranco,Empact
pedrobranco,promag
pedrobranco,laanwj
ryanofsky,eklitzke
ryanofsky,promag
ryanofsky,sipsorcery
ryanofsky,sipa
lutangar,promag
lutangar,jnewbery
lutangar,MarcoFalke
sipa,dcousens
sipa,laanwj
sipa,ryanofsky
ryanofsky,promag
ryanofsky,sipa
ryanofsky,MarcoFalke
jnewbery,hkjn
jnewbery,MarcoFalke
jnewbery,fanquake
lutangar,jnewbery
lutangar,practicalswift
lutangar,Empact
lutangar,donaloconnor
lutangar,MarcoFalke
lutangar,ken2812221
krab,luke-jr
krab,Sjors
krab,jonasschnelli
krab,laanwj
krab,fanquake
jonasschnelli,promag
jonasschnelli,laanwj
jonasschnelli,MarcoFalke
jonasschnelli,fanquake
jeffrade,laanwj
jeffrade,jnewbery
jeffrade,practicalswift
practicalswift,eklitzke
practicalswift,laanwj
practicalswift,MarcoFalke
practicalswift,conscott
MarcoFalke,Sjors
MarcoFalke,laanwj
MarcoFalke,jnewbery
romanz,jnewbery
romanz,promag
romanz,eklitzke
romanz,sipa
rex4539,hkjn
rex4539,jnewbery
rex4539,promag
rex4539,practicalswift
rex4539,MarcoFalke
hkjn,theuni
hkjn,laanwj
hkjn,fanquake
sipa,instagibbs
sipa,jimpo
sipa,jonasschnelli
sipa,promag
sipa,251Labs
sipa,MeshCollider
sipa,laanwj
eklitzke,hkjn
eklitzke,promag
eklitzke,ryanofsky
eklitzke,donaloconnor
eklitzke,MeshCollider
eklitzke,MarcoFalke
eklitzke,jimpo
eklitzke,jnewbery
sipa,jimpo
sipa,jonasschnelli
sipa,donaloconnor
sipa,MeshCollider
sipa,ryanofsky
WhiteSymmetry,instagibbs
WhiteSymmetry,randolf
WhiteSymmetry,MeshCollider
WhiteSymmetry,laanwj
jeffrade,MeshCollider
jeffrade,jnewbery
jeffrade,MarcoFalke
instagibbs,ryanofsky
instagibbs,sipa
instagibbs,jonasschnelli
instagibbs,MarcoFalke
instagibbs,promag
sipa,donaloconnor
sipa,laanwj
sipa,MarcoFalke
sipa,ken2812221
practicalswift,instagibbs
practicalswift,donaloconnor
practicalswift,fanquake
kallewoof,jonasschnelli
kallewoof,promag
kallewoof,MeshCollider
kallewoof,sipa
kallewoof,cdecker
bitkevin,promag
bitkevin,dcousens
bitkevin,donaloconnor
bitkevin,laanwj
bitkevin,MarcoFalke
bitkevin,eklitzke
bitkevin,JeremyRubin
bitkevin,ken2812221
bitkevin,randolf
bitkevin,sipa
kallewoof,jnewbery
kallewoof,promag
kallewoof,sipa
kallewoof,promag
kallewoof,sipa
ryanofsky,Sjors
ryanofsky,laanwj
ryanofsky,PierreRochard
instagibbs,promag
instagibbs,ryanofsky
instagibbs,luke-jr
instagibbs,jamesob
instagibbs,donaloconnor
instagibbs,laanwj
instagibbs,MarcoFalke
instagibbs,Sjors
instagibbs,sipa
eklitzke,luke-jr
eklitzke,promag
eklitzke,donaloconnor
eklitzke,fanquake
eklitzke,ryanofsky
eklitzke,theuni
eklitzke,practicalswift
eklitzke,fanquake
eklitzke,ryanofsky
eklitzke,luke-jr
eklitzke,laanwj
achow101,instagibbs
achow101,gmaxwell
achow101,eklitzke
achow101,ryanofsky
drewx2,donaloconnor
drewx2,practicalswift
drewx2,sipa
drewx2,promag
eklitzke,luke-jr
eklitzke,theuni
eklitzke,practicalswift
eklitzke,laanwj
eklitzke,jnewbery
eklitzke,promag
eklitzke,ryanofsky
eklitzke,luke-jr
eklitzke,donaloconnor
eklitzke,laanwj
eklitzke,MeshCollider
eklitzke,MarcoFalke
eklitzke,jimpo
eklitzke,practicalswift
eklitzke,Sjors
eklitzke,sipa
practicalswift,theuni
practicalswift,fanquake
practicalswift,sipa
practicalswift,eklitzke
practicalswift,MarcoFalke
practicalswift,laanwj
bill-walker,laanwj
sipa,promag
sipa,kallewoof
MarcoFalke,MeshCollider
MarcoFalke,practicalswift
MarcoFalke,sipa
ryanofsky,promag
ryanofsky,MarcoFalke
vasild,sipa
vasild,theuni
vasild,laanwj
vasild,fanquake
vasild,practicalswift
vasild,theuni
vasild,eklitzke
vasild,fanquake
vasild,laanwj
vasild,practicalswift
luke-jr,promag
luke-jr,MeshCollider
luke-jr,MarcoFalke
luke-jr,conscott
luke-jr,practicalswift
luke-jr,BitcoinGeek
luke-jr,sipa
luke-jr,achow101
dexX7,instagibbs
dexX7,luke-jr
dexX7,MeshCollider
dexX7,laanwj
dexX7,MarcoFalke
dexX7,conscott
dexX7,sdaftuar
dexX7,Sjors
dexX7,sipa
dexX7,achow101
luke-jr,promag
luke-jr,sipa
luke-jr,TheBlueMatt
luke-jr,MeshCollider
luke-jr,jnewbery
luke-jr,MarcoFalke
shmulim,MarcoFalke
shmulim,fanquake
nvercamm,randolf
nvercamm,laanwj
nvercamm,fanquake
luke-jr,Sjors
luke-jr,laanwj
luke-jr,MeshCollider
luke-jr,promag
practicalswift,sipa
practicalswift,Sjors
practicalswift,MeshCollider
practicalswift,laanwj
practicalswift,MarcoFalke
eklitzke,donaloconnor
eklitzke,laanwj
eklitzke,fanquake
eklitzke,MarcoFalke
eklitzke,promag
sipa,promag
sipa,eklitzke
sipa,laanwj
sipa,ryanofsky
maaku,instagibbs
maaku,fanquake
maaku,practicalswift
maaku,MarcoFalke
maaku,setpill
jonasschnelli,hkjn
jonasschnelli,promag
jonasschnelli,donaloconnor
jonasschnelli,eklitzke
jonasschnelli,laanwj
jonasschnelli,MarcoFalke
jonasschnelli,opacey
jonasschnelli,Sjors
jonasschnelli,sipa
practicalswift,instagibbs
practicalswift,jonasschnelli
practicalswift,laanwj
practicalswift,MarcoFalke
practicalswift,cdecker
251Labs,Sjors
251Labs,jonasschnelli
251Labs,laanwj
251Labs,MarcoFalke
251Labs,fanquake
eklitzke,sipa
eklitzke,martinus
eklitzke,fanquake
eklitzke,Sjors
eklitzke,laanwj
eklitzke,jnewbery
eklitzke,MarcoFalke
MarcoFalke,petertodd
MarcoFalke,Sjors
MarcoFalke,laanwj
jimpo,promag
jimpo,eklitzke
jimpo,MarcoFalke
jimpo,ryanofsky
NicolasDorier,jnewbery
NicolasDorier,MarcoFalke
MarcoFalke,promag
MarcoFalke,conscott
promag,sipa
promag,jonasschnelli
promag,laanwj
promag,MarcoFalke
promag,conscott
MarcoFalke,jamesob
MarcoFalke,promag
MarcoFalke,laanwj
fanquake,MeshCollider
fanquake,jonasschnelli
fanquake,laanwj
kallewoof,jimpo
kallewoof,promag
kallewoof,sdaftuar
kallewoof,ryanofsky
kallewoof,NicolasDorier
kallewoof,Empact
kallewoof,laanwj
btcdrak,jameshilliard
btcdrak,fivepiece
btcdrak,Cobra-Bitcoin
btcdrak,TheBlueMatt
btcdrak,luke-jr
btcdrak,MarcoFalke
kallewoof,MeshCollider
kallewoof,MarcoFalke
kallewoof,fanquake
murrayn,promag
murrayn,practicalswift
murrayn,randolf
murrayn,eklitzke
murrayn,MarcoFalke
murrayn,laanwj
dagurval,Empact
dagurval,MarcoFalke
MarcoFalke,NicolasDorier
MarcoFalke,practicalswift
EthanHeilman,randolf
EthanHeilman,sipa
EthanHeilman,practicalswift
EthanHeilman,fanquake
EthanHeilman,sdaftuar
fanquake,jonasschnelli
fanquake,laanwj
fanquake,MarcoFalke
laanwj,theuni
laanwj,fanquake
laanwj,sdaftuar
laanwj,promag
promag,jonasschnelli
promag,practicalswift
promag,sipa
promag,MeshCollider
promag,laanwj
promag,MarcoFalke
promag,jonasschnelli
promag,laanwj
promag,MarcoFalke
promag,practicalswift
kallewoof,laanwj
kallewoof,MarcoFalke
eklitzke,JeremyRubin
eklitzke,promag
eklitzke,laanwj
eklitzke,MarcoFalke
eklitzke,ryanofsky
laanwj,promag
laanwj,sipa
laanwj,fanquake
promag,randolf
promag,laanwj
ken2812221,laanwj
ken2812221,fanquake
practicalswift,instagibbs
practicalswift,theuni
practicalswift,promag
practicalswift,sipa
practicalswift,eklitzke
practicalswift,MarcoFalke
jonasschnelli,instagibbs
jonasschnelli,promag
jonasschnelli,ryanofsky
jonasschnelli,luke-jr
jonasschnelli,laanwj
jonasschnelli,fanquake
jonasschnelli,Sjors
jonasschnelli,jnewbery
jerryldh,randolf
fanquake,jonasschnelli
fanquake,practicalswift
fanquake,ryanofsky
fanquake,randolf
fanquake,laanwj
fanquake,MarcoFalke
MarcoFalke,laanwj
MarcoFalke,achow101
eklitzke,jonasschnelli
eklitzke,promag
eklitzke,practicalswift
eklitzke,ryanofsky
eklitzke,laanwj
eklitzke,sipa
jamesob,practicalswift
jamesob,laanwj
jamesob,ryanofsky
richardkiss,practicalswift
richardkiss,laanwj
bill-walker,sipa
bill-walker,laanwj
bill-walker,MarcoFalke
bill-walker,achow101
rex4539,randolf
rex4539,fanquake
rex4539,achow101
rex4539,randolf
rex4539,practicalswift
rex4539,dongcarl
kosciej,randolf
kosciej,laanwj
kosciej,fanquake
jonasschnelli,promag
fanquake,randolf
fanquake,laanwj
fanquake,MarcoFalke
fanquake,droark
fanquake,practicalswift
fanquake,MarcoFalke
rex4539,fanquake
chrislennon,ccdle12
chrislennon,laanwj
chrislennon,MarcoFalke
ryanofsky,jonasschnelli
ryanofsky,fanquake
ryanofsky,MarcoFalke
dbolser,laanwj
dbolser,dsmurrell
dbolser,MarcoFalke
dbolser,chaintip
dooglus,randolf
dooglus,laanwj
promag,jb55
promag,luke-jr
promag,jonasschnelli
promag,laanwj
promag,practicalswift
532479301,laanwj
532479301,fanquake
AkioNak,eklitzke
kostaz,promag
kostaz,practicalswift
kostaz,laanwj
practicalswift,instagibbs
practicalswift,ajtowns
practicalswift,randolf
practicalswift,Empact
practicalswift,eklitzke
practicalswift,sipa
luke-jr,morcos
luke-jr,promag
luke-jr,practicalswift
luke-jr,Empact
luke-jr,laanwj
luke-jr,MarcoFalke
practicalswift,randolf
practicalswift,laanwj
practicalswift,sipa
Sjors,luke-jr
Sjors,promag
Sjors,bedri
kallewoof,ajtowns
kallewoof,Empact
kallewoof,promag
kallewoof,laanwj
kallewoof,MarcoFalke
bedri,eklitzke
bedri,sipa
sdaftuar,eklitzke
sdaftuar,MarcoFalke
sdaftuar,laanwj
achow101,instagibbs
achow101,jonasschnelli
achow101,promag
achow101,TheBlueMatt
achow101,laanwj
achow101,MarcoFalke
achow101,jimpo
achow101,Empact
achow101,sipa
promag,laanwj
promag,MarcoFalke
promag,achow101
drodil,Sjors
drodil,laanwj
drodil,Michagogo
Sjors,theuni
Sjors,jonasschnelli
Sjors,luke-jr
Sjors,laanwj
Sjors,MarcoFalke
Sjors,ken2812221
Sjors,fanquake
tamasblummer,laanwj
tamasblummer,fanquake
tamasblummer,conscott
Empact,MarcoFalke
Empact,conscott
bedri,fanquake
eklitzke,sipa
eklitzke,AkioNak
eklitzke,Empact
eklitzke,JeremyRubin
eklitzke,laanwj
eklitzke,kallewoof
eklitzke,MeshCollider
randolf,esotericnonsense
randolf,laanwj
Empact,MarcoFalke
Empact,conscott
practicalswift,promag
practicalswift,paveljanik
practicalswift,Empact
practicalswift,sipa
practicalswift,ryanofsky
denis2342,promag
nopara73,laanwj
nopara73,ken2812221
kallewoof,promag
kallewoof,practicalswift
kallewoof,ajtowns
kallewoof,Empact
kallewoof,laanwj
kallewoof,ken2812221
practicalswift,laanwj
practicalswift,MarcoFalke
ken2812221,practicalswift
ken2812221,MarcoFalke
ken2812221,laanwj
shigeya,fanquake
shigeya,practicalswift
shigeya,bedri
shigeya,MarcoFalke
shigeya,AkioNak
whitslack,theuni
whitslack,laanwj
MarcoFalke,laanwj
practicalswift,esotericnonsense
practicalswift,promag
practicalswift,MarcoFalke
khorben,fanquake
Empact,practicalswift
Empact,MarcoFalke
Empact,conscott
laanwj,randolf
laanwj,jnewbery
laanwj,MarcoFalke
kallewoof,Empact
kallewoof,jnewbery
kallewoof,sipa
kallewoof,ken2812221
promag,jonasschnelli
promag,eklitzke
promag,sipa
promag,MarcoFalke
sauldrod,MarcoFalke
instagibbs,promag
instagibbs,achow101
randolf,luke-jr
randolf,Empact
randolf,dooglus
randolf,laanwj
randolf,Willtech
randolf,MarcoFalke
eklitzke,jimpo
eklitzke,ryanofsky
eklitzke,luke-jr
eklitzke,donaloconnor
eklitzke,laanwj
eklitzke,achow101
Empact,theuni
Empact,fanquake
Empact,achow101
Empact,promag
achow101,jonasschnelli
achow101,promag
achow101,ken2812221
achow101,ryanofsky
achow101,sipa
achow101,PierreRochard
eklitzke,luke-jr
eklitzke,jamesob
eklitzke,theuni
eklitzke,laanwj
eklitzke,ryanofsky
jnewbery,ptyx11
jnewbery,promag
jnewbery,MarcoFalke
jnewbery,achow101
jonasschnelli,esotericnonsense
jonasschnelli,Sjors
jonasschnelli,MarcoFalke
jonasschnelli,promag
laanwj,Sjors
laanwj,MarcoFalke
laanwj,promag
kallewoof,randolf
kallewoof,laanwj
kallewoof,MarcoFalke
bitnitdit,luke-jr
bitnitdit,sipa
bitnitdit,MarcoFalke
bitnitdit,fanquake
kallewoof,laanwj
kallewoof,jnewbery
kallewoof,MarcoFalke
Sjors,esotericnonsense
Sjors,jnewbery
Sjors,practicalswift
Sjors,randolf
Sjors,laanwj
Sjors,MarcoFalke
Sjors,conscott
conscott,junfx
conscott,esotericnonsense
conscott,morcos
conscott,promag
conscott,dcousens
conscott,sipa
MarcoFalke,promag
MarcoFalke,practicalswift
MarcoFalke,laanwj
MarcoFalke,laanwj
MarcoFalke,fanquake
MarcoFalke,conscott
hkjn,theuni
hkjn,laanwj
hkjn,fanquake
Aesti,jonasschnelli
Aesti,laanwj
Aesti,MeshCollider
theuni,laanwj
theuni,fanquake
theuni,MarcoFalke
fanquake,theuni
fanquake,laanwj
Empact,instagibbs
Empact,jnewbery
Empact,practicalswift
Empact,TheBlueMatt
Empact,laanwj
Empact,sipa
Empact,MarcoFalke
Empact,instagibbs
Empact,devrandom
Empact,sipa
Empact,jonasschnelli
Empact,MarcoFalke
Empact,jnewbery
Empact,jonasschnelli
Empact,promag
Empact,practicalswift
Empact,devrandom
Empact,MarcoFalke
Empact,fivepiece
Empact,practicalswift
Empact,instagibbs
Empact,jonasschnelli
Empact,ajtowns
Empact,251Labs
Empact,sipa
Empact,jnewbery
DaveFromBinary,randolf
DaveFromBinary,laanwj
DaveFromBinary,fanquake
DaveFromBinary,Janaka-Steph
MarcoFalke,laanwj
MarcoFalke,fanquake
promag,jonasschnelli
promag,laanwj
laanwj,fanquake
theuni,MarcoFalke
MarcoFalke,esotericnonsense
MarcoFalke,promag
MarcoFalke,laanwj
MarcoFalke,laanwj
MeshCollider,esotericnonsense
MeshCollider,fanquake
MeshCollider,MarcoFalke
jeffrade,jnewbery
jeffrade,mcdallas
jeffrade,jonasschnelli
jeffrade,MarcoFalke
jeffrade,promag
251Labs,promag
251Labs,jnewbery
251Labs,MarcoFalke
esotericnonsense,jonasschnelli
esotericnonsense,jamesob
esotericnonsense,MeshCollider
esotericnonsense,laanwj
esotericnonsense,conscott
MarcoFalke,jamesob
MarcoFalke,promag
MarcoFalke,laanwj
MarcoFalke,fanquake
MarcoFalke,practicalswift
Sjors,jonasschnelli
Sjors,promag
Sjors,MarcoFalke
Sjors,fanquake
Sjors,jonasschnelli
Sjors,promag
jamesob,conscott
jamesob,TheBlueMatt
jamesob,sdaftuar
jamesob,ryanofsky
251Labs,gmaxwell
sipa,Sjors
sipa,theuni
sipa,laanwj
MarcoFalke,laanwj
richardkiss,randolf
richardkiss,laanwj
ryanofsky,promag
ryanofsky,laanwj
ryanofsky,sipa
ryanofsky,MarcoFalke
laanwj,Sjors
laanwj,theuni
laanwj,bpay
laanwj,MeshCollider
laanwj,ryanofsky
Sjors,jonasschnelli
Sjors,promag
Sjors,practicalswift
Sjors,luke-jr
Sjors,randolf
Sjors,laanwj
Sjors,MarcoFalke
promag,jonasschnelli
promag,Empact
promag,Sjors
promag,laanwj
promag,ken2812221
droark,jonasschnelli
droark,thijstriemstra
droark,theuni
droark,laanwj
droark,fanquake
practicalswift,Sjors
practicalswift,MarcoFalke
promag,theuni
promag,laanwj
promag,MarcoFalke
jameshilliard,theuni
jameshilliard,eklitzke
jameshilliard,sipa
jameshilliard,fanquake
Willtech,randolf
Willtech,promag
Willtech,laanwj
MarcoFalke,jonasschnelli
MarcoFalke,laanwj
MarcoFalke,promag
MarcoFalke,instagibbs
MarcoFalke,jonasschnelli
MarcoFalke,promag
MarcoFalke,ryanofsky
MarcoFalke,randolf
MarcoFalke,Sjors
MarcoFalke,laanwj
jamesob,ryanofsky
jamesob,Empact
jamesob,sipa
jamesob,laanwj
jamesob,MarcoFalke
MarcoFalke,MeshCollider
MarcoFalke,laanwj
Sjors,esotericnonsense
Sjors,morcos
Sjors,luke-jr
Sjors,ajtowns
Sjors,eklitzke
Sjors,sipa
Sjors,n1bor
fanquake,theuni
fanquake,jonasschnelli
fanquake,practicalswift
fanquake,droark
fanquake,laanwj
fanquake,MarcoFalke
fanquake,achow101
Sjors,sipa
Sjors,promag
Sjors,laanwj
Sjors,MarcoFalke
Sjors,practicalswift
azuchi,MarcoFalke
practicalswift,randolf
practicalswift,jonasschnelli
practicalswift,MarcoFalke
practicalswift,promag
TheBlueMatt,theuni
TheBlueMatt,jamesob
TheBlueMatt,jonasschnelli
TheBlueMatt,jnewbery
TheBlueMatt,promag
MajorFireball,laanwj
Willtech,randolf
Willtech,promag
Willtech,laanwj
Willtech,MarcoFalke
Willtech,cdecker
pristantyo,fanquake
theuni,Empact
theuni,jonasschnelli
theuni,practicalswift
theuni,laanwj
MarcoFalke,laanwj
MarcoFalke,fanquake
jnewbery,randolf
jnewbery,Sjors
jnewbery,laanwj
jnewbery,MarcoFalke
MarcoFalke,MeshCollider
MarcoFalke,laanwj
MarcoFalke,promag
laanwj,promag
laanwj,jonasschnelli
laanwj,MeshCollider
murrayn,jamesob
murrayn,theuni
murrayn,laanwj
murrayn,jonasschnelli
TheBlueMatt,devrandom
TheBlueMatt,promag
TheBlueMatt,sipa
TheBlueMatt,MarcoFalke
TheBlueMatt,jonasschnelli
TheBlueMatt,laanwj
TheBlueMatt,MeshCollider
TheBlueMatt,ryanofsky
laanwj,promag
laanwj,sipa
laanwj,TheBlueMatt
laanwj,ryanofsky
laanwj,MeshCollider
laanwj,jnewbery
conscott,MarcoFalke
promag,laanwj
promag,MarcoFalke
promag,sdaftuar
jnewbery,promag
jnewbery,jamesob
jnewbery,dcousens
jnewbery,MarcoFalke
jnewbery,sdaftuar
jnewbery,jtimon
jnewbery,Empact
jnewbery,sipa
filips123,jonasschnelli
filips123,laanwj
filips123,MarcoFalke
Empact,JeremyRubin
Empact,sdaftuar
Empact,instagibbs
Empact,promag
Empact,laanwj
Empact,MarcoFalke
fivepiece,MeshCollider
fivepiece,laanwj
fivepiece,fanquake
fivepiece,MarcoFalke
fivepiece,fanquake
murrayn,fanquake
murrayn,sipsorcery
murrayn,practicalswift
murrayn,devrandom
murrayn,Empact
murrayn,laanwj
murrayn,MarcoFalke
theuni,laanwj
theuni,promag
theuni,TheBlueMatt
theuni,ryanofsky
theuni,eklitzke
theuni,MarcoFalke
theuni,wumpus
filips123,randolf
filips123,MarcoFalke
yashbhutwala,randolf
yashbhutwala,MarcoFalke
clemtaylor,gmaxwell
clemtaylor,MeshCollider
clemtaylor,laanwj
RvMp,fanquake
jnewbery,promag
jnewbery,laanwj
jnewbery,sipa
jnewbery,MarcoFalke
promag,ryanofsky
promag,devrandom
promag,jamesob
promag,sipa
promag,laanwj
promag,MarcoFalke
murrayn,promag
murrayn,laanwj
murrayn,sipa
murrayn,MarcoFalke
promag,devrandom
promag,sipa
promag,MarcoFalke
theuni,jonasschnelli
theuni,laanwj
theuni,achow101
theuni,MeshCollider
promag,instagibbs
promag,kekimusmaximus
promag,jonasschnelli
promag,Sjors
promag,MeshCollider
promag,laanwj
theuni,Sjors
theuni,laanwj
theuni,sdaftuar
theuni,promag
kekimusmaximus,ajtowns
kekimusmaximus,promag
kekimusmaximus,laanwj
AkioNak,promag
AkioNak,sipa
AkioNak,fanquake
AkioNak,MarcoFalke
AkioNak,eklitzke
AkioNak,kallewoof
AkioNak,laanwj
murrayn,ajtowns
murrayn,laanwj
murrayn,sipsorcery
murrayn,mammix2
fivepiece,instagibbs
fivepiece,MeshCollider
fivepiece,laanwj
Empact,devrandom
jnewbery,jamesob
jnewbery,promag
jnewbery,laanwj
jnewbery,MarcoFalke
jnewbery,MeshCollider
thijstriemstra,jonasschnelli
thijstriemstra,fanquake
fivepiece,devrandom
fivepiece,MeshCollider
fivepiece,laanwj
fivepiece,sipa
laanwj,fanquake
laanwj,MarcoFalke
laanwj,MarcoFalke
axvr,laanwj
axvr,MarcoFalke
jamesob,promag
jamesob,ryanofsky
jamesob,ajtowns
jamesob,sipa
jamesob,laanwj
jamesob,jnewbery
jamesob,MarcoFalke
jnewbery,MarcoFalke
laanwj,jnewbery
laanwj,theuni
laanwj,MarcoFalke
laanwj,sdaftuar
laanwj,promag
jeffrade,instagibbs
jeffrade,jonasschnelli
jeffrade,sipa
jeffrade,laanwj
jeffrade,MarcoFalke
jeffrade,fanquake
jeffrade,jtimon
jeffrade,jnewbery
promag,Sjors
promag,laanwj
promag,jonasschnelli
promag,practicalswift
promag,sipa
promag,MarcoFalke
promag,jimpo
promag,Empact
promag,laanwj
promag,ryanofsky
MarcoFalke,instagibbs
MarcoFalke,jonasschnelli
MarcoFalke,promag
practicalswift,MeshCollider
practicalswift,jnewbery
practicalswift,MarcoFalke
fanquake,randolf
fanquake,theuni
fanquake,laanwj
fanquake,laanwj
fanquake,MarcoFalke
ajtowns,jnewbery
ajtowns,MarcoFalke
ajtowns,fanquake
annanay25,laanwj
annanay25,sipa
annanay25,TheBlueMatt
annanay25,practicalswift
jonasschnelli,promag
jonasschnelli,practicalswift
jonasschnelli,ryanofsky
tamasblummer,devrandom
tamasblummer,practicalswift
tamasblummer,MarcoFalke
tamasblummer,laanwj
practicalswift,promag
practicalswift,jnewbery
practicalswift,MarcoFalke
practicalswift,promag
practicalswift,fanquake
practicalswift,MeshCollider
MarcoFalke,luke-jr
MarcoFalke,promag
MarcoFalke,laanwj
MarcoFalke,fanquake
MarcoFalke,ryanofsky
Sadrainbow,sipa
MeshCollider,luke-jr
MeshCollider,promag
MeshCollider,laanwj
MeshCollider,MarcoFalke
MeshCollider,fanquake
promag,jonasschnelli
promag,donaloconnor
promag,laanwj
ryanofsky,Empact
ryanofsky,jonasschnelli
ryanofsky,laanwj
ryanofsky,promag
theuni,promag
theuni,tjps
theuni,vii
theuni,laanwj
theuni,eklitzke
theuni,MarcoFalke
theuni,fanquake
MarcoFalke,devrandom
MarcoFalke,promag
MarcoFalke,TheBlueMatt
laanwj,ReneFroger
laanwj,gmaxwell
laanwj,MarcoFalke
gmaxwell,instagibbs
gmaxwell,sdaftuar
gmaxwell,PapaRobin
gmaxwell,laanwj
gmaxwell,jnewbery
gmaxwell,achow101
TheBlueMatt,theuni
TheBlueMatt,morcos
TheBlueMatt,laanwj
TheBlueMatt,MeshCollider
TheBlueMatt,promag
kallewoof,jnewbery
kallewoof,promag
kallewoof,laanwj
kallewoof,MarcoFalke
kallewoof,MeshCollider
jnewbery,laanwj
jnewbery,MarcoFalke
laanwj,gmaxwell
laanwj,jonasschnelli
laanwj,jnewbery
laanwj,promag
laanwj,jonasschnelli
laanwj,jnewbery
laanwj,MarcoFalke
laanwj,achow101
fwolfst,promag
fwolfst,laanwj
fwolfst,fanquake
kallewoof,NicolasDorier
kallewoof,luke-jr
kallewoof,laanwj
kallewoof,ziggamon
kallewoof,MarcoFalke
kallewoof,gmaxwell
kallewoof,sipa
kallewoof,achow101
dongcarl,randolf
dongcarl,Flowdalic
dongcarl,laanwj
dongcarl,MarcoFalke
dongcarl,sugarjig
jimpo,jonasschnelli
jimpo,TheBlueMatt
jimpo,ryanofsky
jimpo,MeshCollider
jimpo,laanwj
jimpo,kallewoof
jimpo,practicalswift
jimpo,gmaxwell
jimpo,braydonf
jimpo,Sjors
jimpo,sipa
ajtowns,promag
ajtowns,jnewbery
ajtowns,MarcoFalke
MarcoFalke,jonasschnelli
MarcoFalke,laanwj
ryanofsky,theuni
ryanofsky,sdaftuar
ryanofsky,promag
luke-jr,laanwj
fanquake,MeshCollider
fanquake,paveljanik
fanquake,promag
mryandao,jnewbery
mryandao,promag
mryandao,randolf
mryandao,MeshCollider
mryandao,laanwj
mryandao,MarcoFalke
jangck303,fanquake
MCFX2,promag
MCFX2,discosultan
MCFX2,fanquake
MCFX2,MeshCollider
MCFX2,donaloconnor
MCFX2,laanwj
MCFX2,MarcoFalke
MarcoFalke,laanwj
mmgen,jnewbery
mmgen,MarcoFalke
mmgen,ryanofsky
ryanofsky,promag
ryanofsky,jnewbery
ryanofsky,MeshCollider
sdaftuar,MeshCollider
sdaftuar,laanwj
sdaftuar,promag
ryanofsky,Sjors
ryanofsky,jonasschnelli
ryanofsky,laanwj
ryanofsky,MeshCollider
ryanofsky,jnewbery
ryanofsky,jonasschnelli
ryanofsky,laanwj
ryanofsky,MarcoFalke
ryanofsky,MeshCollider
laanwj,gmaxwell
laanwj,kallewoof
MarcoFalke,promag
MarcoFalke,laanwj
Sjors,jonasschnelli
Sjors,laanwj
Sjors,promag
promag,jonasschnelli
promag,ryanofsky
promag,olledik
promag,MeshCollider
promag,MarcoFalke
promag,laanwj
promag,sipa
promag,Sjors
promag,jnewbery
bitspill,promag
bitspill,MarcoFalke
bitspill,fanquake
ryanofsky,promag
ryanofsky,laanwj
laanwj,promag
laanwj,luke-jr
laanwj,MeshCollider
laanwj,MarcoFalke
laanwj,flack
laanwj,Sjors
laanwj,sipa
laanwj,achow101
luke-jr,promag
luke-jr,jonasschnelli
luke-jr,flack
luke-jr,TheBlueMatt
luke-jr,laanwj
luke-jr,MarcoFalke
luke-jr,Sgt-Miller
luke-jr,nopara73
luke-jr,fanquake
luke-jr,gmaxwell
luke-jr,randolf
luke-jr,Sjors
luke-jr,sipa
luke-jr,achow101
CryptAxe,ajtowns
MarcoFalke,promag
MarcoFalke,laanwj
MarcoFalke,jnewbery
MarcoFalke,TheBlueMatt
MarcoFalke,MeshCollider
morcos,instagibbs
morcos,ryanofsky
morcos,laanwj
morcos,MarcoFalke
morcos,jimpo
morcos,sdaftuar
morcos,gmaxwell
morcos,jnewbery
morcos,achow101
Sjors,randolf
Sjors,laanwj
Sjors,jnewbery
Sjors,MarcoFalke
laanwj,MeshCollider
laanwj,jnewbery
laanwj,MarcoFalke
laanwj,achow101
laanwj,promag
laanwj,MarcoFalke
jonasschnelli,gmaxwell
jonasschnelli,promag
jonasschnelli,luke-jr
jonasschnelli,greenaddress
jonasschnelli,laanwj
jonasschnelli,MarcoFalke
jonasschnelli,ajtowns
jonasschnelli,Sjors
jonasschnelli,sipa
promag,instagibbs
promag,jonasschnelli
promag,kallewoof
promag,MarcoFalke
promag,ryanofsky
MarcoFalke,jnewbery
fwolfst,morcos
fwolfst,promag
fwolfst,laanwj
fwolfst,MarcoFalke
fwolfst,fanquake
ericallam,Sjors
ericallam,jonasschnelli
ericallam,MarcoFalke
ericallam,PierreRochard
jeffrade,MarcoFalke
jeffrade,fanquake
kekimusmaximus,jonasschnelli
kekimusmaximus,practicalswift
kekimusmaximus,MarcoFalke
kekimusmaximus,laanwj
kekimusmaximus,donaloconnor
kekimusmaximus,eklitzke
kekimusmaximus,laanwj
kekimusmaximus,jonasschnelli
kekimusmaximus,practicalswift
kekimusmaximus,fanquake
kekimusmaximus,laanwj
kekimusmaximus,MarcoFalke
kekimusmaximus,bolekC
achow101,Sjors
achow101,MarcoFalke
mruddy,mess110
mruddy,promag
mruddy,MarcoFalke
jonasschnelli,mess110
jonasschnelli,Sjors
jonasschnelli,promag
jonasschnelli,laanwj
jonasschnelli,MarcoFalke
jtimon,instagibbs
jtimon,promag
jtimon,TheBlueMatt
jtimon,luke-jr
jtimon,laanwj
jtimon,greenaddress
jtimon,MarcoFalke
jtimon,gmaxwell
kekimusmaximus,jnewbery
kekimusmaximus,ryanofsky
kekimusmaximus,Empact
kekimusmaximus,dcousens
kekimusmaximus,laanwj
kekimusmaximus,MarcoFalke
jsarenik,MarcoFalke
jsarenik,fanquake
maaku,theuni
maaku,Christewart
maaku,jtimon
maaku,randolf
maaku,sipa
maaku,jnewbery
jnewbery,randolf
jnewbery,MeshCollider
jnewbery,Sjors
jnewbery,MarcoFalke
jnewbery,ryanofsky
kekimusmaximus,promag
kekimusmaximus,laanwj
kekimusmaximus,promag
kekimusmaximus,practicalswift
kekimusmaximus,laanwj
kekimusmaximus,ryanofsky
promag,jnewbery
Sjors,fanquake
promag,TheBlueMatt
promag,ryanofsky
promag,dcousens
promag,MarcoFalke
promag,jimpo
promag,fanquake
promag,Empact
promag,jnewbery
ryanofsky,promag
ryanofsky,laanwj
ryanofsky,sipa
kashyap2690,jonasschnelli
kashyap2690,MarcoFalke
kashyap2690,MeshCollider
luke-jr,jnewbery
luke-jr,MarcoFalke
luke-jr,TheBlueMatt
azuchi,tonyalester
azuchi,randolf
azuchi,jonasschnelli
azuchi,MeshCollider
TheBlueMatt,skeees
TheBlueMatt,Sjors
TheBlueMatt,bpay
TheBlueMatt,jonasschnelli
achow101,instagibbs
achow101,jonasschnelli
achow101,luke-jr
achow101,dcousens
achow101,laanwj
achow101,kallewoof
achow101,MarcoFalke
achow101,tokutech
achow101,gmaxwell
achow101,sipa
Sjors,jonasschnelli
Sjors,ryanofsky
Sjors,MeshCollider
Sjors,MarcoFalke
Sjors,practicalswift
Sjors,sdaftuar
Sjors,snuggs
Sjors,jnewbery
sdaftuar,instagibbs
sdaftuar,laanwj
sdaftuar,jnewbery
sdaftuar,MarcoFalke
kallewoof,maaku
kallewoof,benma
kallewoof,ckcollab
kallewoof,jl2012
kallewoof,chiguireitor
kallewoof,TheBlueMatt
kallewoof,maaku
kallewoof,martin-lizner
threepehr,MeshCollider
jtimon,jimpo
jtimon,promag
jtimon,TheBlueMatt
jtimon,ryanofsky
jtimon,ajtowns
jtimon,MarcoFalke
sdaftuar,morcos
sdaftuar,laanwj
sdaftuar,sipa
sdaftuar,TheBlueMatt
sdaftuar,promag
randolf,theuni
randolf,riastradh
randolf,TheBlueMatt
randolf,ryanofsky
randolf,MarcoFalke
randolf,fanquake
randolf,flack
randolf,jcvernaleo
randolf,krytarowski
TheCaat,jl2012
TheCaat,jnewbery
TheCaat,promag
TheCaat,laanwj
TheCaat,MarcoFalke
TheBlueMatt,theuni
TheBlueMatt,promag
TheBlueMatt,ajtowns
TheBlueMatt,sipa
TheBlueMatt,laanwj
TheBlueMatt,MarcoFalke
Sjors,instagibbs
Sjors,gmaxwell
Sjors,promag
Sjors,TheBlueMatt
Sjors,luke-jr
Sjors,laanwj
Sjors,MarcoFalke
Sjors,sneurlax
Sjors,ajtowns
Sjors,sipa
Sjors,achow101
sdaftuar,jimpo
sdaftuar,promag
sdaftuar,laanwj
sdaftuar,TheBlueMatt
sdaftuar,gmaxwell
AjkP,promag
jackycjh,promag
jackycjh,laanwj
jackycjh,DuncanBetts
jackycjh,ryanofsky
donaloconnor,promag
donaloconnor,paveljanik
donaloconnor,MarcoFalke
donaloconnor,fanquake
Flowdalic,practicalswift
Flowdalic,fanquake
Flowdalic,TheBlueMatt
Flowdalic,dongcarl
Flowdalic,laanwj
Flowdalic,cdecker
achow101,gmaxwell
achow101,ryanofsky
achow101,luke-jr
achow101,laanwj
achow101,MarcoFalke
achow101,bolekC
achow101,jimpo
achow101,ajtowns
achow101,sipa
Sjors,jonasschnelli
Sjors,practicalswift
Sjors,sipa
Sjors,laanwj
Sjors,randolf
Sjors,practicalswift
Sjors,sipa
Sjors,laanwj
kallewoof,instagibbs
kallewoof,promag
kallewoof,ryanofsky
kallewoof,luke-jr
kallewoof,wtogami
kallewoof,sipa
kallewoof,MarcoFalke
kallewoof,sdaftuar
kallewoof,gmaxwell
kallewoof,Sjors
kallewoof,jtimon
fanquake,laanwj
jonasschnelli,jnewbery
jonasschnelli,MarcoFalke
jonasschnelli,achow101
251Labs,jb55
251Labs,MarcoFalke
MarcoFalke,jnewbery
MarcoFalke,ryanofsky
promag,ajtowns
Christewart,practicalswift
Christewart,jnewbery
Christewart,MarcoFalke
promag,gmaxwell
promag,Sjors
promag,laanwj
promag,jonasschnelli
promag,sdaftuar
promag,sipa
promag,MarcoFalke
251Labs,MeshCollider
251Labs,laanwj
MarcoFalke,promag
MarcoFalke,jnewbery
fanquake,promag
251Labs,jonasschnelli
251Labs,promag
